This is pdfTeX, Version 3.141592653-2.6-1.40.27 (TeX Live 2025) (preloaded format=pdflatex 2025.3.8)  25 MAY 2026 15:07
entering extended mode
 restricted \write18 enabled.
 file:line:error style messages enabled.
 %&-line parsing enabled.
**refman.tex
(./refman.tex
LaTeX2e <2024-11-01> patch level 2
L3 programming layer <2025-01-18>

(/usr/local/texlive/2025/texmf-dist/tex/generic/iftex/iftex.sty
Package: iftex 2024/12/12 v1.0g TeX engine tests
) (/usr/local/texlive/2025/texmf-dist/tex/latex/base/book.cls
Document Class: book 2024/06/29 v1.4n Standard LaTeX document class
(/usr/local/texlive/2025/texmf-dist/tex/latex/base/bk10.clo
File: bk10.clo 2024/06/29 v1.4n Standard LaTeX file (size option)
)
\c@part=\count196
\c@chapter=\count197
\c@section=\count198
\c@subsection=\count199
\c@subsubsection=\count266
\c@paragraph=\count267
\c@subparagraph=\count268
\c@figure=\count269
\c@table=\count270
\abovecaptionskip=\skip49
\belowcaptionskip=\skip50
\bibindent=\dimen141
) (/usr/local/texlive/2025/texmf-dist/tex/generic/infwarerr/infwarerr.sty
package info suppressed
) (./doxygen.sty
Package: doxygen 
(/usr/local/texlive/2025/texmf-dist/tex/latex/base/alltt.sty
Package: alltt 2024/07/07 v2.0g defines alltt environment
) (/usr/local/texlive/2025/texmf-dist/tex/latex/tools/array.sty
Package: array 2024/10/17 v2.6g Tabular extension package (FMi)
\col@sep=\dimen142
\ar@mcellbox=\box52
\extrarowheight=\dimen143
\NC@list=\toks17
\extratabsurround=\skip51
\backup@length=\skip52
\ar@cellbox=\box53
) (/usr/local/texlive/2025/texmf-dist/tex/latex/tools/calc.sty
Package: calc 2023/07/08 v4.3 Infix arithmetic (KKT,FJ)
\calc@Acount=\count271
\calc@Bcount=\count272
\calc@Adimen=\dimen144
\calc@Bdimen=\dimen145
\calc@Askip=\skip53
\calc@Bskip=\skip54
LaTeX Info: Redefining \setlength on input line 80.
LaTeX Info: Redefining \addtolength on input line 81.
\calc@Ccount=\count273
\calc@Cskip=\skip55
) (/usr/local/texlive/2025/texmf-dist/tex/latex/float/float.sty
Package: float 2001/11/08 v1.3d Float enhancements (AL)
\c@float@type=\count274
\float@exts=\toks18
\float@box=\box54
\@float@everytoks=\toks19
\@floatcapt=\box55
) (/usr/local/texlive/2025/texmf-dist/tex/latex/base/ifthen.sty
Package: ifthen 2024/03/16 v1.1e Standard LaTeX ifthen package (DPC)
) (/usr/local/texlive/2025/texmf-dist/tex/latex/tools/verbatim.sty
Package: verbatim 2024-01-22 v1.5x LaTeX2e package for verbatim enhancements
\every@verbatim=\toks20
\verbatim@line=\toks21
\verbatim@in@stream=\read2
) (/usr/local/texlive/2025/texmf-dist/tex/latex/varwidth/varwidth.sty
Package: varwidth 2009/03/30 ver 0.92;  Variable-width minipages
\@vwid@box=\box56
\sift@deathcycles=\count275
\@vwid@loff=\dimen146
\@vwid@roff=\dimen147
) (/usr/local/texlive/2025/texmf-dist/tex/latex/xcolor/xcolor.sty
Package: xcolor 2024/09/29 v3.02 LaTeX color extensions (UK)
(/usr/local/texlive/2025/texmf-dist/tex/latex/graphics-cfg/color.cfg
File: color.cfg 2016/01/02 v1.6 sample color configuration
)
Package xcolor Info: Driver file: pdftex.def on input line 274.
(/usr/local/texlive/2025/texmf-dist/tex/latex/graphics-def/pdftex.def
File: pdftex.def 2024/04/13 v1.2c Graphics/color driver for pdftex
) (/usr/local/texlive/2025/texmf-dist/tex/latex/graphics/mathcolor.ltx)
Package xcolor Info: Model `cmy' substituted by `cmy0' on input line 1349.
Package xcolor Info: Model `hsb' substituted by `rgb' on input line 1353.
Package xcolor Info: Model `RGB' extended on input line 1365.
Package xcolor Info: Model `HTML' substituted by `rgb' on input line 1367.
Package xcolor Info: Model `Hsb' substituted by `hsb' on input line 1368.
Package xcolor Info: Model `tHsb' substituted by `hsb' on input line 1369.
Package xcolor Info: Model `HSB' substituted by `hsb' on input line 1370.
Package xcolor Info: Model `Gray' substituted by `gray' on input line 1371.
Package xcolor Info: Model `wave' substituted by `hsb' on input line 1372.
) (/usr/local/texlive/2025/texmf-dist/tex/latex/colortbl/colortbl.sty
Package: colortbl 2024/07/06 v1.0i Color table columns (DPC)
\everycr=\toks22
\minrowclearance=\skip56
\rownum=\count276
) (/usr/local/texlive/2025/texmf-dist/tex/latex/tools/longtable.sty
Package: longtable 2024-10-27 v4.22 Multi-page Table package (DPC)
\LTleft=\skip57
\LTright=\skip58
\LTpre=\skip59
\LTpost=\skip60
\LTchunksize=\count277
\LTcapwidth=\dimen148
\LT@head=\box57
\LT@firsthead=\box58
\LT@foot=\box59
\LT@lastfoot=\box60
\LT@gbox=\box61
\LT@cols=\count278
\LT@rows=\count279
\c@LT@tables=\count280
\c@LT@chunks=\count281
\LT@p@ftn=\toks23
) (/usr/local/texlive/2025/texmf-dist/tex/latex/xltabular/xltabular.sty
Package: xltabular 2025/02/28 v0.2i `xltabular' package (hv,RN)
(/usr/local/texlive/2025/texmf-dist/tex/latex/tools/tabularx.sty
Package: tabularx 2023/12/11 v2.12a `tabularx' package (DPC)
\TX@col@width=\dimen149
\TX@old@table=\dimen150
\TX@old@col=\dimen151
\TX@target=\dimen152
\TX@delta=\dimen153
\TX@cols=\count282
\TX@ftn=\toks24
) (/usr/local/texlive/2025/texmf-dist/tex/latex/etoolbox/etoolbox.sty
Package: etoolbox 2025/02/11 v2.5l e-TeX tools for LaTeX (JAW)
\etb@tempcnta=\count283
) (/usr/local/texlive/2025/texmf-dist/tex/latex/ltablex/ltablex.sty
Package: ltablex 2014/08/13 v1.1 Modified tabularx
)) (/usr/local/texlive/2025/texmf-dist/tex/latex/tabularray/tabularray.sty (/us
r/local/texlive/2025/texmf-dist/tex/latex/l3kernel/expl3.sty
Package: expl3 2025-01-18 L3 programming layer (loader) 
(/usr/local/texlive/2025/texmf-dist/tex/latex/l3backend/l3backend-pdftex.def
File: l3backend-pdftex.def 2024-05-08 L3 backend support: PDF output (pdfTeX)
\l__color_backend_stack_int=\count284
\l__pdf_internal_box=\box62
))
Package: tabularray 2024-02-16 v2024A Typeset tabulars and arrays with LaTeX3
\l__tblr_a_int=\count285
\l__tblr_c_int=\count286
\l__tblr_r_int=\count287
\l__tblr_d_dim=\dimen154
\l__tblr_h_dim=\dimen155
\l__tblr_o_dim=\dimen156
\l__tblr_p_dim=\dimen157
\l__tblr_q_dim=\dimen158
\l__tblr_r_dim=\dimen159
\l__tblr_s_dim=\dimen160
\l__tblr_t_dim=\dimen161
\l__tblr_v_dim=\dimen162
\l__tblr_w_dim=\dimen163
\l__tblr_a_box=\box63
\l__tblr_b_box=\box64
\l__tblr_c_box=\box65
\l__tblr_d_box=\box66
\g__tblr_table_count_int=\count288
\c@colnum=\count289
\c@rowcount=\count290
\c@colcount=\count291
\abovesep=\dimen164
\belowsep=\dimen165
\leftsep=\dimen166
\rightsep=\dimen167
\g_tblr_level_int=\count292
\g__tblr_data_row_key_count_int=\count293
\g__tblr_data_column_key_count_int=\count294
\g__tblr_data_cell_key_count_int=\count295
\g__tblr_array_int=\count296
\l__tblr_key_count_int=\count297
\l__tblr_key_quotient_int=\count298
\l__tblr_key_quotient_two_int=\count299
\l__tblr_key_remainder_int=\count300
\g__tblr_data_str_value_count_int=\count301
\rulewidth=\dimen168
\l__tblr_strut_dp_dim=\dimen169
\l__tblr_strut_ht_dim=\dimen170
\g__tblr_cell_wd_dim=\dimen171
\g__tblr_cell_ht_dim=\dimen172
\g__tblr_cell_head_dim=\dimen173
\g__tblr_cell_foot_dim=\dimen174
\l__column_target_dim=\dimen175
\l__tblr_caption_box=\box67
\l__tblr_caption_left_box=\box68
\l__tblr_row_head_box=\box69
\l__tblr_row_foot_box=\box70
\l__tblr_row_head_foot_dim=\dimen176
\tablewidth=\dimen177
\l__tblr_table_firsthead_box=\box71
\l__tblr_table_middlehead_box=\box72
\l__tblr_table_lasthead_box=\box73
\l__tblr_table_firstfoot_box=\box74
\l__tblr_table_middlefoot_box=\box75
\l__tblr_table_lastfoot_box=\box76
\l__tblr_remain_height_dim=\dimen178
\l__tblr_long_from_int=\count302
\l__tblr_long_to_int=\count303
\l__tblr_curr_i_int=\count304
\l__tblr_prev_i_int=\count305
\l__tblr_table_page_int=\count306
\l__tblr_table_head_box=\box77
\l__tblr_table_foot_box=\box78
\l__tblr_table_head_foot_dim=\dimen179
\l__tblr_table_head_body_foot_dim=\dimen180
\l__tblr_table_box=\box79
\l__tblr_table_hlines_box=\box80
\l__tblr_hline_box=\box81
\l__tblr_row_box=\box82
\l__tblr_col_o_wd_dim=\dimen181
\l__tblr_col_b_wd_dim=\dimen182
\l__tblr_hline_leftskip_dim=\dimen183
\l__tblr_hline_rightskip_dim=\dimen184
\l__tblr_row_ht_dim=\dimen185
\l__tblr_row_dp_dim=\dimen186
\l__tblr_row_abovesep_dim=\dimen187
\l__tblr_row_belowsep_dim=\dimen188
\l__tblr_row_vlines_box=\box83
\l__tblr_vline_box=\box84
\l__tblr_cell_box=\box85
\l__row_upper_dim=\dimen189
\l__row_lower_dim=\dimen190
\l__row_vpace_dim=\dimen191
\l__tblr_vline_aboveskip_dim=\dimen192
\l__tblr_vline_belowskip_dim=\dimen193
\l__tblr_cell_wd_dim=\dimen194
\l__tblr_cell_ht_dim=\dimen195
\l__tblr_diag_box=\box86
)
\g__doxy_nohyper_int=\count307
\doxytablewidth=\dimen196
(/usr/local/texlive/2025/texmf-dist/tex/latex/fancyvrb/fancyvrb.sty
Package: fancyvrb 2024/01/20 4.5c verbatim text (tvz,hv)
(/usr/local/texlive/2025/texmf-dist/tex/latex/graphics/keyval.sty
Package: keyval 2022/05/29 v1.15 key=value parser (DPC)
\KV@toks@=\toks25
)
\FV@CodeLineNo=\count308
\FV@InFile=\read3
\FV@TabBox=\box87
\c@FancyVerbLine=\count309
\FV@StepNumber=\count310
\FV@OutFile=\write3
) (/usr/local/texlive/2025/texmf-dist/tex/latex/tools/multicol.sty
Package: multicol 2024/09/14 v1.9i multicolumn formatting (FMi)
\c@tracingmulticols=\count311
\mult@box=\box88
\multicol@leftmargin=\dimen197
\c@unbalance=\count312
\c@collectmore=\count313
\doublecol@number=\count314
\multicoltolerance=\count315
\multicolpretolerance=\count316
\full@width=\dimen198
\page@free=\dimen199
\premulticols=\dimen256
\postmulticols=\dimen257
\multicolsep=\skip61
\multicolbaselineskip=\skip62
\partial@page=\box89
\last@line=\box90
\mc@boxedresult=\box91
\maxbalancingoverflow=\dimen258
\mult@rightbox=\box92
\mult@grightbox=\box93
\mult@firstbox=\box94
\mult@gfirstbox=\box95
\@tempa=\box96
\@tempa=\box97
\@tempa=\box98
\@tempa=\box99
\@tempa=\box100
\@tempa=\box101
\@tempa=\box102
\@tempa=\box103
\@tempa=\box104
\@tempa=\box105
\@tempa=\box106
\@tempa=\box107
\@tempa=\box108
\@tempa=\box109
\@tempa=\box110
\@tempa=\box111
\@tempa=\box112
\@tempa=\box113
\@tempa=\box114
\@tempa=\box115
\@tempa=\box116
\@tempa=\box117
\@tempa=\box118
\@tempa=\box119
\@tempa=\box120
\@tempa=\box121
\@tempa=\box122
\@tempa=\box123
\@tempa=\box124
\@tempa=\box125
\@tempa=\box126
\@tempa=\box127
\@tempa=\box128
\@tempa=\box129
\@tempa=\box130
\@tempa=\box131
\c@minrows=\count317
\c@columnbadness=\count318
\c@finalcolumnbadness=\count319
\last@try=\dimen259
\multicolovershoot=\dimen260
\multicolundershoot=\dimen261
\mult@nat@firstbox=\box132
\colbreak@box=\box133
\mc@col@check@num=\count320
) (/usr/local/texlive/2025/texmf-dist/tex/latex/multirow/multirow.sty
Package: multirow 2024/11/12 v2.9 Span multiple rows of a table
\multirow@colwidth=\skip63
\multirow@cntb=\count321
\multirow@dima=\skip64
\bigstrutjot=\dimen262
) (/usr/local/texlive/2025/texmf-dist/tex/latex/hanging/hanging.sty
Package: hanging 2009/09/02 v1.2b hanging paragraphs and punctuation
\h@ngcommawd=\skip65
\h@ngfstopwd=\skip66
\h@ngquotewd=\skip67
\h@ngdquotewd=\skip68
\h@ngquerywd=\skip69
\h@ngexclwd=\skip70
\h@ngcolonwd=\skip71
\h@ngscolonwd=\skip72
) (/usr/local/texlive/2025/texmf-dist/tex/generic/iftex/ifpdf.sty
Package: ifpdf 2019/10/25 v3.4 ifpdf legacy package. Use iftex instead.
) (/usr/local/texlive/2025/texmf-dist/tex/latex/adjustbox/adjustbox.sty
Package: adjustbox 2025/02/26 v1.3c Adjusting TeX boxes (trim, clip, ...)
(/usr/local/texlive/2025/texmf-dist/tex/latex/xkeyval/xkeyval.sty
Package: xkeyval 2022/06/16 v2.9 package option processing (HA)
(/usr/local/texlive/2025/texmf-dist/tex/generic/xkeyval/xkeyval.tex (/usr/local
/texlive/2025/texmf-dist/tex/generic/xkeyval/xkvutils.tex
\XKV@toks=\toks26
\XKV@tempa@toks=\toks27
)
\XKV@depth=\count322
File: xkeyval.tex 2014/12/03 v2.7a key=value parser (HA)
)) (/usr/local/texlive/2025/texmf-dist/tex/latex/adjustbox/adjcalc.sty
Package: adjcalc 2012/05/16 v1.1 Provides advanced setlength with multiple back
-ends (calc, etex, pgfmath)
) (/usr/local/texlive/2025/texmf-dist/tex/latex/adjustbox/trimclip.sty
Package: trimclip 2025/02/21 v1.2a Trim and clip general TeX material
(/usr/local/texlive/2025/texmf-dist/tex/latex/graphics/graphicx.sty
Package: graphicx 2021/09/16 v1.2d Enhanced LaTeX Graphics (DPC,SPQR)
(/usr/local/texlive/2025/texmf-dist/tex/latex/graphics/graphics.sty
Package: graphics 2024/08/06 v1.4g Standard LaTeX Graphics (DPC,SPQR)
(/usr/local/texlive/2025/texmf-dist/tex/latex/graphics/trig.sty
Package: trig 2023/12/02 v1.11 sin cos tan (DPC)
) (/usr/local/texlive/2025/texmf-dist/tex/latex/graphics-cfg/graphics.cfg
File: graphics.cfg 2016/06/04 v1.11 sample graphics configuration
)
Package graphics Info: Driver file: pdftex.def on input line 106.
)
\Gin@req@height=\dimen263
\Gin@req@width=\dimen264
) (/usr/local/texlive/2025/texmf-dist/tex/latex/collectbox/collectbox.sty
Package: collectbox 2022/10/17 v0.4c Collect macro arguments as boxes
\collectedbox=\box134
)
\tc@llx=\dimen265
\tc@lly=\dimen266
\tc@urx=\dimen267
\tc@ury=\dimen268
Package trimclip Info: Using driver 'tc-pdftex.def'.
(/usr/local/texlive/2025/texmf-dist/tex/latex/adjustbox/tc-pdftex.def
File: tc-pdftex.def 2025/02/26 v2.3 Clipping driver for pdftex
))
\adjbox@Width=\dimen269
\adjbox@Height=\dimen270
\adjbox@Depth=\dimen271
\adjbox@Totalheight=\dimen272
\adjbox@pwidth=\dimen273
\adjbox@pheight=\dimen274
\adjbox@pdepth=\dimen275
\adjbox@ptotalheight=\dimen276
(/usr/local/texlive/2025/texmf-dist/tex/latex/ifoddpage/ifoddpage.sty
Package: ifoddpage 2022/10/18 v1.2 Conditionals for odd/even page detection
\c@checkoddpage=\count323
)) (/usr/local/texlive/2025/texmf-dist/tex/latex/amsfonts/amssymb.sty
Package: amssymb 2013/01/14 v3.01 AMS font symbols
(/usr/local/texlive/2025/texmf-dist/tex/latex/amsfonts/amsfonts.sty
Package: amsfonts 2013/01/14 v3.01 Basic AMSFonts support
\@emptytoks=\toks28
\symAMSa=\mathgroup4
\symAMSb=\mathgroup5
LaTeX Font Info:    Redeclaring math symbol \hbar on input line 98.
LaTeX Font Info:    Overwriting math alphabet `\mathfrak' in version `bold'
(Font)                  U/euf/m/n --> U/euf/b/n on input line 106.
)) (/usr/local/texlive/2025/texmf-dist/tex/latex/stackengine/stackengine.sty
Package: stackengine 2021/07/22 v4.11\ Stacking text and objects in convenient 
ways
(/usr/local/texlive/2025/texmf-dist/tex/generic/listofitems/listofitems.sty (/u
sr/local/texlive/2025/texmf-dist/tex/generic/listofitems/listofitems.tex
\loi_cnt_foreach_nest=\count324
\loi_nestcnt=\count325
)
Package: listofitems 2024/03/09 v1.65 Grab items in lists using user-specified 
sep char (CT)
)
\c@@stackindex=\count326
\@boxshift=\skip73
\stack@tmplength=\skip74
\temp@stkl=\skip75
\@stackedboxwidth=\skip76
\@addedbox=\box135
\@anchorbox=\box136
\@insetbox=\box137
\se@backgroundbox=\box138
\stackedbox=\box139
\@centerbox=\box140
\c@ROWcellindex@=\count327
) (/usr/local/texlive/2025/texmf-dist/tex/latex/enumitem/enumitem.sty
Package: enumitem 2025/02/06 v3.11 Customized lists
\labelindent=\skip77
\enit@outerparindent=\dimen277
\enit@toks=\toks29
\enit@inbox=\box141
\enit@count@id=\count328
\enitdp@description=\count329
) (/usr/local/texlive/2025/texmf-dist/tex/generic/alphalph/alphalph.sty
Package: alphalph 2019/12/09 v2.6 Convert numbers to letters (HO)
(/usr/local/texlive/2025/texmf-dist/tex/generic/intcalc/intcalc.sty
Package: intcalc 2019/12/15 v1.3 Expandable calculations with integers (HO)
)) (/usr/local/texlive/2025/texmf-dist/tex/generic/ulem/ulem.sty
\UL@box=\box142
\UL@hyphenbox=\box143
\UL@skip=\skip78
\UL@hook=\toks30
\UL@height=\dimen278
\UL@pe=\count330
\UL@pixel=\dimen279
\ULC@box=\box144
Package: ulem 2019/11/18
\ULdepth=\dimen280
)
\xrefbox=\box145
\xreflength=\skip79
\CodeWidthChar=\skip80
\CodeHeightChar=\skip81
\DoxyCodeWidth=\skip82
\ttcharwidth=\skip83
\c@DoxyEnumeratei=\count331
\c@DoxyEnumerateii=\count332
\c@DoxyEnumerateiii=\count333
\c@DoxyEnumerateiv=\count334
\c@DoxyEnumeratev=\count335
\c@DoxyEnumeratevi=\count336
\c@DoxyEnumeratevii=\count337
\c@DoxyEnumerateviii=\count338
\c@DoxyEnumerateix=\count339
\c@DoxyEnumeratex=\count340
\c@DoxyEnumeratexi=\count341
\c@DoxyEnumeratexii=\count342
\enitdp@DoxyEnumerate=\count343
\enitdp@DoxyItemize=\count344
\doxymboxbox=\box146
\doxymboxlength=\skip84
\c@subsubsubsection=\count345
\c@subsubsubsubsection=\count346
\c@subsubsubsubsubsection=\count347
\c@subsubsubsubsubsubsection=\count348
) (/usr/local/texlive/2025/texmf-dist/tex/latex/base/inputenc.sty
Package: inputenc 2024/02/08 v1.3d Input encoding file
\inpenc@prehook=\toks31
\inpenc@posthook=\toks32
) (/usr/local/texlive/2025/texmf-dist/tex/latex/base/makeidx.sty
Package: makeidx 2021/10/04 v1.0m Standard LaTeX package
) (/usr/local/texlive/2025/texmf-dist/tex/latex/base/textcomp.sty
Package: textcomp 2024/04/24 v2.1b Standard LaTeX package
) (/usr/local/texlive/2025/texmf-dist/tex/latex/wasysym/wasysym.sty
Package: wasysym 2020/01/19 v2.4 Wasy-2 symbol support package
\symwasy=\mathgroup6
LaTeX Font Info:    Overwriting symbol font `wasy' in version `bold'
(Font)                  U/wasy/m/n --> U/wasy/b/n on input line 93.
) (/usr/local/texlive/2025/texmf-dist/tex/generic/iftex/ifxetex.sty
Package: ifxetex 2019/10/25 v0.7 ifxetex legacy package. Use iftex instead.
) (/usr/local/texlive/2025/texmf-dist/tex/latex/base/fontenc.sty
Package: fontenc 2021/04/29 v2.0v Standard LaTeX package
) (/usr/local/texlive/2025/texmf-dist/tex/latex/psnfss/helvet.sty
Package: helvet 2020/03/25 PSNFSS-v9.3 (WaS) 
) (/usr/local/texlive/2025/texmf-dist/tex/latex/psnfss/courier.sty
Package: courier 2020/03/25 PSNFSS-v9.3 (WaS) 
) (/usr/local/texlive/2025/texmf-dist/tex/latex/geometry/geometry.sty
Package: geometry 2020/01/02 v5.9 Page Geometry
(/usr/local/texlive/2025/texmf-dist/tex/generic/iftex/ifvtex.sty
Package: ifvtex 2019/10/25 v1.7 ifvtex legacy package. Use iftex instead.
)
\Gm@cnth=\count349
\Gm@cntv=\count350
\c@Gm@tempcnt=\count351
\Gm@bindingoffset=\dimen281
\Gm@wd@mp=\dimen282
\Gm@odd@mp=\dimen283
\Gm@even@mp=\dimen284
\Gm@layoutwidth=\dimen285
\Gm@layoutheight=\dimen286
\Gm@layouthoffset=\dimen287
\Gm@layoutvoffset=\dimen288
\Gm@dimlist=\toks33
) (/usr/local/texlive/2025/texmf-dist/tex/latex/changepage/changepage.sty
Package: changepage 2009/10/20 v1.0c check page and change page layout
\c@cp@cntr=\count352
\cp@tempcnt=\count353
LaTeX Info: Redefining \checkoddpage on input line 59.
) (/usr/local/texlive/2025/texmf-dist/tex/latex/fancyhdr/fancyhdr.sty
Package: fancyhdr 2025/02/07 v5.2 Extensive control of page headers and footers

\f@nch@headwidth=\skip85
\f@nch@offset@elh=\skip86
\f@nch@offset@erh=\skip87
\f@nch@offset@olh=\skip88
\f@nch@offset@orh=\skip89
\f@nch@offset@elf=\skip90
\f@nch@offset@erf=\skip91
\f@nch@offset@olf=\skip92
\f@nch@offset@orf=\skip93
\f@nch@height=\skip94
\f@nch@footalignment=\skip95
\f@nch@widthL=\skip96
\f@nch@widthC=\skip97
\f@nch@widthR=\skip98
\@temptokenb=\toks34
) (/usr/local/texlive/2025/texmf-dist/tex/latex/natbib/natbib.sty
Package: natbib 2010/09/13 8.31b (PWD, AO)
\bibhang=\skip99
\bibsep=\skip100
LaTeX Info: Redefining \cite on input line 694.
\c@NAT@ctr=\count354
) (/usr/local/texlive/2025/texmf-dist/tex/latex/tocloft/tocloft.sty
Package: tocloft 2017/08/31 v2.3i parameterised ToC, etc., typesetting
Package tocloft Info: The document has chapter divisions on input line 51.
\cftparskip=\skip101
\cftbeforetoctitleskip=\skip102
\cftaftertoctitleskip=\skip103
\cftbeforepartskip=\skip104
\cftpartnumwidth=\skip105
\cftpartindent=\skip106
\cftbeforechapskip=\skip107
\cftchapindent=\skip108
\cftchapnumwidth=\skip109
\cftbeforesecskip=\skip110
\cftsecindent=\skip111
\cftsecnumwidth=\skip112
\cftbeforesubsecskip=\skip113
\cftsubsecindent=\skip114
\cftsubsecnumwidth=\skip115
\cftbeforesubsubsecskip=\skip116
\cftsubsubsecindent=\skip117
\cftsubsubsecnumwidth=\skip118
\cftbeforeparaskip=\skip119
\cftparaindent=\skip120
\cftparanumwidth=\skip121
\cftbeforesubparaskip=\skip122
\cftsubparaindent=\skip123
\cftsubparanumwidth=\skip124
\cftbeforeloftitleskip=\skip125
\cftafterloftitleskip=\skip126
\cftbeforefigskip=\skip127
\cftfigindent=\skip128
\cftfignumwidth=\skip129
\c@lofdepth=\count355
\c@lotdepth=\count356
\cftbeforelottitleskip=\skip130
\cftafterlottitleskip=\skip131
\cftbeforetabskip=\skip132
\cfttabindent=\skip133
\cfttabnumwidth=\skip134
)
\@indexfile=\write4
\openout4 = `refman.idx'.

Writing index file refman.idx
(/usr/local/texlive/2025/texmf-dist/tex/latex/amsmath/amsmath.sty
Package: amsmath 2024/11/05 v2.17t AMS math features
\@mathmargin=\skip135
For additional information on amsmath, use the `?' option.
(/usr/local/texlive/2025/texmf-dist/tex/latex/amsmath/amstext.sty
Package: amstext 2021/08/26 v2.01 AMS text
(/usr/local/texlive/2025/texmf-dist/tex/latex/amsmath/amsgen.sty
File: amsgen.sty 1999/11/30 v2.0 generic functions
\@emptytoks=\toks35
\ex@=\dimen289
)) (/usr/local/texlive/2025/texmf-dist/tex/latex/amsmath/amsbsy.sty
Package: amsbsy 1999/11/29 v1.2d Bold Symbols
\pmbraise@=\dimen290
) (/usr/local/texlive/2025/texmf-dist/tex/latex/amsmath/amsopn.sty
Package: amsopn 2022/04/08 v2.04 operator names
)
\inf@bad=\count357
LaTeX Info: Redefining \frac on input line 233.
\uproot@=\count358
\leftroot@=\count359
LaTeX Info: Redefining \overline on input line 398.
LaTeX Info: Redefining \colon on input line 409.
\classnum@=\count360
\DOTSCASE@=\count361
LaTeX Info: Redefining \ldots on input line 495.
LaTeX Info: Redefining \dots on input line 498.
LaTeX Info: Redefining \cdots on input line 619.
\Mathstrutbox@=\box147
\strutbox@=\box148
LaTeX Info: Redefining \big on input line 721.
LaTeX Info: Redefining \Big on input line 722.
LaTeX Info: Redefining \bigg on input line 723.
LaTeX Info: Redefining \Bigg on input line 724.
\big@size=\dimen291
LaTeX Font Info:    Redeclaring font encoding OML on input line 742.
LaTeX Font Info:    Redeclaring font encoding OMS on input line 743.
\macc@depth=\count362
LaTeX Info: Redefining \bmod on input line 904.
LaTeX Info: Redefining \pmod on input line 909.
LaTeX Info: Redefining \smash on input line 939.
LaTeX Info: Redefining \relbar on input line 969.
LaTeX Info: Redefining \Relbar on input line 970.
\c@MaxMatrixCols=\count363
\dotsspace@=\muskip17
\c@parentequation=\count364
\dspbrk@lvl=\count365
\tag@help=\toks36
\row@=\count366
\column@=\count367
\maxfields@=\count368
\andhelp@=\toks37
\eqnshift@=\dimen292
\alignsep@=\dimen293
\tagshift@=\dimen294
\tagwidth@=\dimen295
\totwidth@=\dimen296
\lineht@=\dimen297
\@envbody=\toks38
\multlinegap=\skip136
\multlinetaggap=\skip137
\mathdisplay@stack=\toks39
LaTeX Info: Redefining \[ on input line 2953.
LaTeX Info: Redefining \] on input line 2954.
)
(/usr/local/texlive/2025/texmf-dist/tex/latex/newunicodechar/newunicodechar.sty
Package: newunicodechar 2018/04/08 v1.2 Defining Unicode characters
) (/usr/local/texlive/2025/texmf-dist/tex/latex/hyperref/hyperref.sty
Package: hyperref 2024-11-05 v7.01l Hypertext links for LaTeX
(/usr/local/texlive/2025/texmf-dist/tex/latex/kvsetkeys/kvsetkeys.sty
Package: kvsetkeys 2022-10-05 v1.19 Key value parser (HO)
) (/usr/local/texlive/2025/texmf-dist/tex/generic/kvdefinekeys/kvdefinekeys.sty
Package: kvdefinekeys 2019-12-19 v1.6 Define keys (HO)
) (/usr/local/texlive/2025/texmf-dist/tex/generic/pdfescape/pdfescape.sty
Package: pdfescape 2019/12/09 v1.15 Implements pdfTeX's escape features (HO)
(/usr/local/texlive/2025/texmf-dist/tex/generic/ltxcmds/ltxcmds.sty
Package: ltxcmds 2023-12-04 v1.26 LaTeX kernel commands for general use (HO)
) (/usr/local/texlive/2025/texmf-dist/tex/generic/pdftexcmds/pdftexcmds.sty
Package: pdftexcmds 2020-06-27 v0.33 Utility functions of pdfTeX for LuaTeX (HO
)
Package pdftexcmds Info: \pdf@primitive is available.
Package pdftexcmds Info: \pdf@ifprimitive is available.
Package pdftexcmds Info: \pdfdraftmode found.
)) (/usr/local/texlive/2025/texmf-dist/tex/latex/hycolor/hycolor.sty
Package: hycolor 2020-01-27 v1.10 Color options for hyperref/bookmark (HO)
) (/usr/local/texlive/2025/texmf-dist/tex/latex/hyperref/nameref.sty
Package: nameref 2023-11-26 v2.56 Cross-referencing by name of section
(/usr/local/texlive/2025/texmf-dist/tex/latex/refcount/refcount.sty
Package: refcount 2019/12/15 v3.6 Data extraction from label references (HO)
)
(/usr/local/texlive/2025/texmf-dist/tex/generic/gettitlestring/gettitlestring.s
ty
Package: gettitlestring 2019/12/15 v1.6 Cleanup title references (HO)
(/usr/local/texlive/2025/texmf-dist/tex/latex/kvoptions/kvoptions.sty
Package: kvoptions 2022-06-15 v3.15 Key value format for package options (HO)
))
\c@section@level=\count369
) (/usr/local/texlive/2025/texmf-dist/tex/generic/stringenc/stringenc.sty
Package: stringenc 2019/11/29 v1.12 Convert strings between diff. encodings (HO
)
)
\@linkdim=\dimen298
\Hy@linkcounter=\count370
\Hy@pagecounter=\count371
(/usr/local/texlive/2025/texmf-dist/tex/latex/hyperref/pd1enc.def
File: pd1enc.def 2024-11-05 v7.01l Hyperref: PDFDocEncoding definition (HO)
Now handling font encoding PD1 ...
... no UTF-8 mapping file for font encoding PD1
)
\Hy@SavedSpaceFactor=\count372
(/usr/local/texlive/2025/texmf-dist/tex/latex/hyperref/puenc.def
File: puenc.def 2024-11-05 v7.01l Hyperref: PDF Unicode definition (HO)
Now handling font encoding PU ...
... no UTF-8 mapping file for font encoding PU
)
Package hyperref Info: Hyper figures OFF on input line 4157.
Package hyperref Info: Link nesting OFF on input line 4162.
Package hyperref Info: Hyper index ON on input line 4165.
Package hyperref Info: Plain pages OFF on input line 4172.
Package hyperref Info: Backreferencing ON on input line 4175.
Package hyperref Info: Implicit mode ON; LaTeX internals redefined.
Package hyperref Info: Bookmarks ON on input line 4424.
(/usr/local/texlive/2025/texmf-dist/tex/latex/hyperref/backref.sty
Package: backref 2023-11-26 v1.44 Bibliographical back referencing

(/usr/local/texlive/2025/texmf-dist/tex/latex/rerunfilecheck/rerunfilecheck.sty
Package: rerunfilecheck 2022-07-10 v1.10 Rerun checks for auxiliary files (HO)
(/usr/local/texlive/2025/texmf-dist/tex/latex/base/atveryend-ltx.sty
Package: atveryend-ltx 2020/08/19 v1.0a Emulation of the original atveryend pac
kage
with kernel methods
)
(/usr/local/texlive/2025/texmf-dist/tex/generic/uniquecounter/uniquecounter.sty
Package: uniquecounter 2019/12/15 v1.4 Provide unlimited unique counter (HO)
(/usr/local/texlive/2025/texmf-dist/tex/generic/bigintcalc/bigintcalc.sty
Package: bigintcalc 2019/12/15 v1.5 Expandable calculations on big integers (HO
)
))
Package uniquecounter Info: New unique counter `rerunfilecheck' on input line 2
85.
))
\c@Hy@tempcnt=\count373
(/usr/local/texlive/2025/texmf-dist/tex/latex/url/url.sty
\Urlmuskip=\muskip18
Package: url 2013/09/16  ver 3.4  Verb mode for urls, etc.
)
LaTeX Info: Redefining \url on input line 4763.
\XeTeXLinkMargin=\dimen299
(/usr/local/texlive/2025/texmf-dist/tex/generic/bitset/bitset.sty
Package: bitset 2019/12/09 v1.3 Handle bit-vector datatype (HO)
)
\Fld@menulength=\count374
\Field@Width=\dimen300
\Fld@charsize=\dimen301
Package hyperref Info: Hyper figures OFF on input line 6042.
Package hyperref Info: Link nesting OFF on input line 6047.
Package hyperref Info: Hyper index ON on input line 6050.
Package hyperref Info: backreferencing ON on input line 6055.
Package hyperref Info: Link coloring OFF on input line 6062.
Package hyperref Info: Link coloring with OCG OFF on input line 6067.
Package hyperref Info: PDF/A mode OFF on input line 6072.
(/usr/local/texlive/2025/texmf-dist/tex/latex/base/atbegshi-ltx.sty
Package: atbegshi-ltx 2021/01/10 v1.0c Emulation of the original atbegshi
package with kernel methods
)
\Hy@abspage=\count375
\c@Item=\count376
\c@Hfootnote=\count377
)
Package hyperref Info: Driver: hpdftex.
(/usr/local/texlive/2025/texmf-dist/tex/latex/hyperref/hpdftex.def
File: hpdftex.def 2024-11-05 v7.01l Hyperref driver for pdfTeX
\Fld@listcount=\count378
\c@bookmark@seq@number=\count379
\Hy@SectionHShift=\skip138
)
Package hyperref Info: Option `colorlinks' set `true' on input line 183.
Package hyperref Info: Option `unicode' set `true' on input line 183.
(/usr/local/texlive/2025/texmf-dist/tex/latex/caption/caption.sty
Package: caption 2023/08/05 v3.6o Customizing captions (AR)
(/usr/local/texlive/2025/texmf-dist/tex/latex/caption/caption3.sty
Package: caption3 2023/07/31 v2.4d caption3 kernel (AR)
\caption@tempdima=\dimen302
\captionmargin=\dimen303
\caption@leftmargin=\dimen304
\caption@rightmargin=\dimen305
\caption@width=\dimen306
\caption@indent=\dimen307
\caption@parindent=\dimen308
\caption@hangindent=\dimen309
Package caption Info: Standard document class detected.
)
\c@caption@flags=\count380
\c@continuedfloat=\count381
Package caption Info: changepage package is loaded.
\caption@adjustwidth@hsize=\dimen310
\caption@adjustwidth@linewidth=\dimen311
Package caption Info: float package is loaded.
Package caption Info: hyperref package is loaded.
Package caption Info: longtable package is loaded.
(/usr/local/texlive/2025/texmf-dist/tex/latex/caption/ltcaption.sty
Package: ltcaption 2021/01/08 v1.4c longtable captions (AR)
)) (/usr/local/texlive/2025/texmf-dist/tex/latex/etoc/etoc.sty
Package: etoc 2023/10/29 v1.2d Completely customisable TOCs (JFB)
\Etoc@toctoks=\toks40
\c@etoc@tocid=\count382
\etoc@framed@titlebox=\box149
\etoc@framed@contentsbox=\box150
)
LaTeX Font Info:    Trying to load font information for T1+phv on input line 20
5.
(/usr/local/texlive/2025/texmf-dist/tex/latex/psnfss/t1phv.fd
File: t1phv.fd 2020/03/25 scalable font definitions for T1/phv.
)
LaTeX Font Info:    Font shape `T1/phv/m/n' will be
(Font)              scaled to size 8.99994pt on input line 205.
(./refman.aux

LaTeX Warning: Label `doc-variable-members' multiply defined.


LaTeX Warning: Label `doc-variable-members' multiply defined.


LaTeX Warning: Label `doc-func-members' multiply defined.


LaTeX Warning: Label `doc-func-members' multiply defined.


LaTeX Warning: Label `doc-func-members' multiply defined.


LaTeX Warning: Label `doc-func-members' multiply defined.


LaTeX Warning: Label `doc-func-members' multiply defined.


LaTeX Warning: Label `doc-func-members' multiply defined.


LaTeX Warning: Label `doc-func-members' multiply defined.


LaTeX Warning: Label `doc-func-members' multiply defined.


LaTeX Warning: Label `doc-func-members' multiply defined.


LaTeX Warning: Label `doc-func-members' multiply defined.


LaTeX Warning: Label `doc-define-members' multiply defined.


LaTeX Warning: Label `doc-func-members' multiply defined.


LaTeX Warning: Label `doc-define-members' multiply defined.


LaTeX Warning: Label `doc-func-members' multiply defined.


LaTeX Warning: Label `doc-define-members' multiply defined.


LaTeX Warning: Label `doc-func-members' multiply defined.


LaTeX Warning: Label `doc-define-members' multiply defined.


LaTeX Warning: Label `doc-func-members' multiply defined.


LaTeX Warning: Label `doc-define-members' multiply defined.


LaTeX Warning: Label `doc-func-members' multiply defined.


LaTeX Warning: Label `doc-define-members' multiply defined.


LaTeX Warning: Label `doc-func-members' multiply defined.


LaTeX Warning: Label `doc-define-members' multiply defined.


LaTeX Warning: Label `doc-func-members' multiply defined.


LaTeX Warning: Label `doc-define-members' multiply defined.


LaTeX Warning: Label `doc-func-members' multiply defined.


LaTeX Warning: Label `doc-define-members' multiply defined.


LaTeX Warning: Label `doc-func-members' multiply defined.


LaTeX Warning: Label `doc-define-members' multiply defined.


LaTeX Warning: Label `doc-func-members' multiply defined.


LaTeX Warning: Label `doc-define-members' multiply defined.


LaTeX Warning: Label `doc-func-members' multiply defined.


LaTeX Warning: Label `doc-define-members' multiply defined.


LaTeX Warning: Label `doc-func-members' multiply defined.


LaTeX Warning: Label `doc-define-members' multiply defined.


LaTeX Warning: Label `doc-func-members' multiply defined.


LaTeX Warning: Label `doc-define-members' multiply defined.


LaTeX Warning: Label `doc-func-members' multiply defined.


LaTeX Warning: Label `doc-define-members' multiply defined.


LaTeX Warning: Label `doc-func-members' multiply defined.


LaTeX Warning: Label `doc-define-members' multiply defined.


LaTeX Warning: Label `doc-func-members' multiply defined.


LaTeX Warning: Label `doc-define-members' multiply defined.


LaTeX Warning: Label `doc-func-members' multiply defined.


LaTeX Warning: Label `doc-func-members' multiply defined.


LaTeX Warning: Label `doc-func-members' multiply defined.


LaTeX Warning: Label `doc-func-members' multiply defined.


LaTeX Warning: Label `doc-define-members' multiply defined.


LaTeX Warning: Label `doc-func-members' multiply defined.


LaTeX Warning: Label `doc-func-members' multiply defined.


LaTeX Warning: Label `doc-func-members' multiply defined.


LaTeX Warning: Label `doc-func-members' multiply defined.


LaTeX Warning: Label `doc-func-members' multiply defined.


LaTeX Warning: Label `doc-define-members' multiply defined.


LaTeX Warning: Label `doc-func-members' multiply defined.


LaTeX Warning: Label `doc-define-members' multiply defined.


LaTeX Warning: Label `doc-func-members' multiply defined.


LaTeX Warning: Label `doc-define-members' multiply defined.


LaTeX Warning: Label `doc-func-members' multiply defined.


LaTeX Warning: Label `doc-define-members' multiply defined.


LaTeX Warning: Label `doc-func-members' multiply defined.


LaTeX Warning: Label `doc-func-members' multiply defined.


LaTeX Warning: Label `doc-func-members' multiply defined.


LaTeX Warning: Label `doc-func-members' multiply defined.


LaTeX Warning: Label `doc-func-members' multiply defined.


LaTeX Warning: Label `doc-func-members' multiply defined.


LaTeX Warning: Label `doc-func-members' multiply defined.


LaTeX Warning: Label `doc-func-members' multiply defined.


LaTeX Warning: Label `doc-func-members' multiply defined.


LaTeX Warning: Label `doc-func-members' multiply defined.


LaTeX Warning: Label `doc-func-members' multiply defined.


LaTeX Warning: Label `doc-func-members' multiply defined.


LaTeX Warning: Label `doc-func-members' multiply defined.


LaTeX Warning: Label `doc-func-members' multiply defined.


LaTeX Warning: Label `doc-func-members' multiply defined.


LaTeX Warning: Label `doc-func-members' multiply defined.


LaTeX Warning: Label `doc-func-members' multiply defined.


LaTeX Warning: Label `doc-func-members' multiply defined.


LaTeX Warning: Label `doc-func-members' multiply defined.


LaTeX Warning: Label `doc-func-members' multiply defined.


LaTeX Warning: Label `doc-func-members' multiply defined.


LaTeX Warning: Label `doc-func-members' multiply defined.


LaTeX Warning: Label `doc-func-members' multiply defined.


LaTeX Warning: Label `doc-func-members' multiply defined.


LaTeX Warning: Label `doc-func-members' multiply defined.


LaTeX Warning: Label `doc-define-members' multiply defined.


LaTeX Warning: Label `doc-func-members' multiply defined.


LaTeX Warning: Label `doc-func-members' multiply defined.


LaTeX Warning: Label `doc-define-members' multiply defined.


LaTeX Warning: Label `doc-func-members' multiply defined.


LaTeX Warning: Label `doc-func-members' multiply defined.


LaTeX Warning: Label `doc-define-members' multiply defined.


LaTeX Warning: Label `doc-func-members' multiply defined.


LaTeX Warning: Label `doc-func-members' multiply defined.


LaTeX Warning: Label `doc-define-members' multiply defined.


LaTeX Warning: Label `doc-func-members' multiply defined.


LaTeX Warning: Label `doc-func-members' multiply defined.


LaTeX Warning: Label `doc-define-members' multiply defined.


LaTeX Warning: Label `doc-func-members' multiply defined.


LaTeX Warning: Label `doc-func-members' multiply defined.


LaTeX Warning: Label `doc-define-members' multiply defined.


LaTeX Warning: Label `doc-func-members' multiply defined.


LaTeX Warning: Label `doc-define-members' multiply defined.


LaTeX Warning: Label `doc-func-members' multiply defined.


LaTeX Warning: Label `doc-define-members' multiply defined.


LaTeX Warning: Label `doc-func-members' multiply defined.


LaTeX Warning: Label `doc-define-members' multiply defined.


LaTeX Warning: Label `doc-func-members' multiply defined.


LaTeX Warning: Label `doc-define-members' multiply defined.


LaTeX Warning: Label `doc-func-members' multiply defined.


LaTeX Warning: Label `doc-define-members' multiply defined.


LaTeX Warning: Label `doc-func-members' multiply defined.


LaTeX Warning: Label `doc-define-members' multiply defined.


LaTeX Warning: Label `doc-func-members' multiply defined.


LaTeX Warning: Label `doc-define-members' multiply defined.


LaTeX Warning: Label `doc-func-members' multiply defined.


LaTeX Warning: Label `doc-define-members' multiply defined.


LaTeX Warning: Label `doc-func-members' multiply defined.


LaTeX Warning: Label `doc-define-members' multiply defined.


LaTeX Warning: Label `doc-func-members' multiply defined.


LaTeX Warning: Label `doc-define-members' multiply defined.


LaTeX Warning: Label `doc-func-members' multiply defined.


LaTeX Warning: Label `doc-define-members' multiply defined.


LaTeX Warning: Label `doc-func-members' multiply defined.


LaTeX Warning: Label `doc-define-members' multiply defined.


LaTeX Warning: Label `doc-func-members' multiply defined.


LaTeX Warning: Label `doc-define-members' multiply defined.


LaTeX Warning: Label `doc-func-members' multiply defined.


LaTeX Warning: Label `doc-define-members' multiply defined.


LaTeX Warning: Label `doc-func-members' multiply defined.


LaTeX Warning: Label `doc-define-members' multiply defined.


LaTeX Warning: Label `doc-func-members' multiply defined.


LaTeX Warning: Label `doc-define-members' multiply defined.


LaTeX Warning: Label `doc-func-members' multiply defined.


LaTeX Warning: Label `doc-define-members' multiply defined.


LaTeX Warning: Label `doc-func-members' multiply defined.


LaTeX Warning: Label `doc-func-members' multiply defined.


LaTeX Warning: Label `doc-define-members' multiply defined.


LaTeX Warning: Label `doc-func-members' multiply defined.


LaTeX Warning: Label `doc-define-members' multiply defined.


LaTeX Warning: Label `doc-func-members' multiply defined.


LaTeX Warning: Label `doc-define-members' multiply defined.


LaTeX Warning: Label `doc-func-members' multiply defined.


LaTeX Warning: Label `doc-func-members' multiply defined.


LaTeX Warning: Label `doc-define-members' multiply defined.


LaTeX Warning: Label `doc-func-members' multiply defined.


LaTeX Warning: Label `doc-func-members' multiply defined.


LaTeX Warning: Label `doc-define-members' multiply defined.


LaTeX Warning: Label `doc-func-members' multiply defined.


LaTeX Warning: Label `doc-func-members' multiply defined.


LaTeX Warning: Label `doc-define-members' multiply defined.


LaTeX Warning: Label `doc-func-members' multiply defined.


LaTeX Warning: Label `doc-func-members' multiply defined.


LaTeX Warning: Label `doc-define-members' multiply defined.


LaTeX Warning: Label `doc-func-members' multiply defined.


LaTeX Warning: Label `doc-define-members' multiply defined.


LaTeX Warning: Label `doc-func-members' multiply defined.


LaTeX Warning: Label `doc-define-members' multiply defined.


LaTeX Warning: Label `doc-func-members' multiply defined.


LaTeX Warning: Label `doc-define-members' multiply defined.


LaTeX Warning: Label `doc-func-members' multiply defined.


LaTeX Warning: Label `doc-define-members' multiply defined.


LaTeX Warning: Label `doc-func-members' multiply defined.


LaTeX Warning: Label `doc-define-members' multiply defined.


LaTeX Warning: Label `doc-func-members' multiply defined.


LaTeX Warning: Label `doc-func-members' multiply defined.


LaTeX Warning: Label `doc-define-members' multiply defined.


LaTeX Warning: Label `doc-func-members' multiply defined.


LaTeX Warning: Label `doc-func-members' multiply defined.


LaTeX Warning: Label `doc-func-members' multiply defined.


LaTeX Warning: Label `doc-func-members' multiply defined.


LaTeX Warning: Label `doc-func-members' multiply defined.


LaTeX Warning: Label `doc-func-members' multiply defined.


LaTeX Warning: Label `doc-func-members' multiply defined.


LaTeX Warning: Label `doc-func-members' multiply defined.


LaTeX Warning: Label `doc-func-members' multiply defined.


LaTeX Warning: Label `doc-func-members' multiply defined.


LaTeX Warning: Label `doc-define-members' multiply defined.


LaTeX Warning: Label `doc-func-members' multiply defined.


LaTeX Warning: Label `doc-func-members' multiply defined.

)
\openout1 = `refman.aux'.

LaTeX Font Info:    Checking defaults for OML/cmm/m/it on input line 205.
LaTeX Font Info:    ... okay on input line 205.
LaTeX Font Info:    Checking defaults for OMS/cmsy/m/n on input line 205.
LaTeX Font Info:    ... okay on input line 205.
LaTeX Font Info:    Checking defaults for OT1/cmr/m/n on input line 205.
LaTeX Font Info:    ... okay on input line 205.
LaTeX Font Info:    Checking defaults for T1/cmr/m/n on input line 205.
LaTeX Font Info:    ... okay on input line 205.
LaTeX Font Info:    Checking defaults for TS1/cmr/m/n on input line 205.
LaTeX Font Info:    ... okay on input line 205.
LaTeX Font Info:    Checking defaults for OMX/cmex/m/n on input line 205.
LaTeX Font Info:    ... okay on input line 205.
LaTeX Font Info:    Checking defaults for U/cmr/m/n on input line 205.
LaTeX Font Info:    ... okay on input line 205.
LaTeX Font Info:    Checking defaults for PD1/pdf/m/n on input line 205.
LaTeX Font Info:    ... okay on input line 205.
LaTeX Font Info:    Checking defaults for PU/pdf/m/n on input line 205.
LaTeX Font Info:    ... okay on input line 205.
(/usr/local/texlive/2025/texmf-dist/tex/context/base/mkii/supp-pdf.mkii
[Loading MPS to PDF converter (version 2006.09.02).]
\scratchcounter=\count383
\scratchdimen=\dimen312
\scratchbox=\box151
\nofMPsegments=\count384
\nofMParguments=\count385
\everyMPshowfont=\toks41
\MPscratchCnt=\count386
\MPscratchDim=\dimen313
\MPnumerator=\count387
\makeMPintoPDFobject=\count388
\everyMPtoPDFconversion=\toks42
) (/usr/local/texlive/2025/texmf-dist/tex/latex/epstopdf-pkg/epstopdf-base.sty
Package: epstopdf-base 2020-01-24 v2.11 Base part for package epstopdf
Package epstopdf-base Info: Redefining graphics rule for `.eps' on input line 4
85.
(/usr/local/texlive/2025/texmf-dist/tex/latex/latexconfig/epstopdf-sys.cfg
File: epstopdf-sys.cfg 2010/07/13 v1.3 Configuration of (r)epstopdf for TeX Liv
e
)) (/usr/local/texlive/2025/texmf-dist/tex/latex/ninecolors/ninecolors.sty
Package: ninecolors 2022-02-13 v2022D Select colors with proper color contrast
(/usr/local/texlive/2025/texmf-dist/tex/latex/l3packages/xparse/xparse.sty
Package: xparse 2024-08-16 L3 Experimental document command parser
))
*geometry* driver: auto-detecting
*geometry* detected driver: pdftex
*geometry* verbose mode - [ preamble ] result:
* driver: pdftex
* paper: a4paper
* layout: <same size as paper>
* layoutoffset:(h,v)=(0.0pt,0.0pt)
* modes: twoside 
* h-part:(L,W,R)=(71.13188pt, 455.24411pt, 71.13188pt)
* v-part:(T,H,B)=(71.13188pt, 702.78308pt, 71.13188pt)
* \paperwidth=597.50787pt
* \paperheight=845.04684pt
* \textwidth=455.24411pt
* \textheight=702.78308pt
* \oddsidemargin=-1.1381pt
* \evensidemargin=-1.1381pt
* \topmargin=-31.2056pt
* \headheight=12.0pt
* \headsep=18.06749pt
* \topskip=10.0pt
* \footskip=25.29494pt
* \marginparwidth=125.0pt
* \marginparsep=7.0pt
* \columnsep=10.0pt
* \skip\footins=9.0pt plus 4.0pt minus 2.0pt
* \hoffset=0.0pt
* \voffset=0.0pt
* \mag=1000
* \@twocolumnfalse
* \@twosidetrue
* \@mparswitchtrue
* \@reversemarginfalse
* (1in=72.27pt=25.4mm, 1cm=28.453pt)

Package backref Info: ** backref set up for natbib ** on input line 205.
Package hyperref Info: Link coloring ON on input line 205.
(./refman.out) (./refman.out)
\@outlinefile=\write5
\openout5 = `refman.out'.

Package caption Info: Begin \AtBeginDocument code.
Package caption Info: End \AtBeginDocument code.
\Etoc@tf=\read4
Package hyperref Info: Option `pageanchor' set `false' on input line 213.
Package hyperref Info: Option `bookmarksnumbered' set `true' on input line 213.

Package hyperref Info: Option `unicode' set `true' on input line 213.
LaTeX Font Info:    Font shape `T1/phv/m/n' will be
(Font)              scaled to size 12.9599pt on input line 218.
LaTeX Font Info:    Font shape `T1/phv/m/n' will be
(Font)              scaled to size 6.29996pt on input line 218.
LaTeX Font Info:    Trying to load font information for U+msa on input line 218
.
(/usr/local/texlive/2025/texmf-dist/tex/latex/amsfonts/umsa.fd
File: umsa.fd 2013/01/14 v3.01 AMS symbols A
)
LaTeX Font Info:    Trying to load font information for U+msb on input line 218
.
(/usr/local/texlive/2025/texmf-dist/tex/latex/amsfonts/umsb.fd
File: umsb.fd 2013/01/14 v3.01 AMS symbols B
)
LaTeX Font Info:    Trying to load font information for U+wasy on input line 21
8.
(/usr/local/texlive/2025/texmf-dist/tex/latex/wasysym/uwasy.fd
File: uwasy.fd 2020/01/19 v2.4 Wasy-2 symbol font definitions
)
LaTeX Font Info:    Font shape `T1/phv/m/n' will be
(Font)              scaled to size 10.79993pt on input line 220.


[1


{/usr/local/texlive/2025/texmf-var/fonts/map/pdftex/updmap/pdftex.map}{/usr/loc
al/texlive/2025/texmf-dist/fonts/enc/dvips/base/8r.enc}]

[2

]
\tf@toc=\write6
\openout6 = `refman.toc'.

LaTeX Font Info:    Font shape `T1/phv/b/n' will be
(Font)              scaled to size 8.99994pt on input line 226.
LaTeX Font Info:    Font shape `T1/phv/b/n' will be
(Font)              scaled to size 6.29996pt on input line 226.


[1]

[2]

[3]

[4]

[5]

[6]

[7]

[8]

[9]

[10]

[11]

[12]

[13]

[14]

[15]

[16]

[17]

[18]

[19]

[20]
Package hyperref Info: Option `pageanchor' set `true' on input line 229.
(./index.tex
Chapter 1.
LaTeX Font Info:    Font shape `T1/phv/m/n' will be
(Font)              scaled to size 18.66588pt on input line 1.
LaTeX Font Info:    Font shape `T1/phv/b/n' will be
(Font)              scaled to size 18.66588pt on input line 1.
LaTeX Font Info:    Font shape `T1/phv/b/n' will be
(Font)              scaled to size 22.39185pt on input line 1.
LaTeX Font Info:    Trying to load font information for T1+pcr on input line 5.

(/usr/local/texlive/2025/texmf-dist/tex/latex/psnfss/t1pcr.fd
File: t1pcr.fd 2001/06/04 font definitions for T1/pcr.
)
LaTeX Font Info:    Trying to load font information for TS1+phv on input line 2
2.
(/usr/local/texlive/2025/texmf-dist/tex/latex/psnfss/ts1phv.fd
File: ts1phv.fd 2020/03/25 scalable font definitions for TS1/phv.
)
LaTeX Font Info:    Font shape `TS1/phv/m/n' will be
(Font)              scaled to size 8.99994pt on input line 22.

Underfull \hbox (badness 10000) in paragraph at lines 16--23

 []

LaTeX Font Info:    Font shape `T1/phv/b/n' will be
(Font)              scaled to size 10.79993pt on input line 58.

Package hyperref Warning: Difference (2) between bookmark levels is greater 
(hyperref)                than one, level fixed on input line 58.



[1


]
Underfull \hbox (badness 10000) in paragraph at lines 73--74

 []


Underfull \hbox (badness 10000) in paragraph at lines 75--76

 []


Underfull \hbox (badness 10000) in paragraph at lines 77--78

 []


Underfull \hbox (badness 10000) in paragraph at lines 79--80

 []


Underfull \hbox (badness 10000) in paragraph at lines 81--82

 []


Underfull \hbox (badness 10000) in paragraph at lines 83--84

 []


Underfull \hbox (badness 10000) in paragraph at lines 85--86

 []


Underfull \hbox (badness 10000) in paragraph at lines 87--88

 []



[2]
> Step: init table outer spec.
> Step: parse table options.
> Step: split table.
> Step: init table inner spec.
> Step: parse table inner spec.
> Step: execute table commands.
> Step: calculate cell and line sizes.
> Step: build the whole table.
> Step: init table outer spec.
> Step: parse table options.
> Step: split table.
> Step: init table inner spec.
> Step: parse table inner spec.
> Step: execute table commands.
> Step: calculate cell and line sizes.
> Step: build the whole table.


[3]
Underfull \hbox (badness 10000) in paragraph at lines 165--166

 []


Underfull \hbox (badness 10000) in paragraph at lines 167--168

 []


Underfull \hbox (badness 10000) in paragraph at lines 169--170

 []


Underfull \hbox (badness 10000) in paragraph at lines 171--172

 []


Underfull \hbox (badness 10000) in paragraph at lines 173--174

 []


Underfull \hbox (badness 10000) in paragraph at lines 179--180

 []


Underfull \hbox (badness 10000) in paragraph at lines 181--182

 []


Underfull \hbox (badness 10000) in paragraph at lines 183--184

 []


Underfull \hbox (badness 10000) in paragraph at lines 185--186

 []


Underfull \hbox (badness 10000) in paragraph at lines 187--188

 []


Underfull \hbox (badness 10000) in paragraph at lines 189--190

 []


Underfull \hbox (badness 10000) in paragraph at lines 195--196

 []


Underfull \hbox (badness 10000) in paragraph at lines 197--198

 []



[4]
Underfull \hbox (badness 10000) in paragraph at lines 199--200

 []


Underfull \hbox (badness 10000) in paragraph at lines 201--202

 []


Underfull \hbox (badness 10000) in paragraph at lines 203--204

 []


Underfull \hbox (badness 10000) in paragraph at lines 206--207

 []


Underfull \hbox (badness 10000) in paragraph at lines 208--209

 []


Underfull \hbox (badness 10000) in paragraph at lines 210--211

 []


Underfull \hbox (badness 10000) in paragraph at lines 217--218

 []


Underfull \hbox (badness 10000) in paragraph at lines 219--220

 []


Underfull \hbox (badness 10000) in paragraph at lines 221--222

 []


Underfull \hbox (badness 10000) in paragraph at lines 223--224

 []


Underfull \hbox (badness 10000) in paragraph at lines 225--226

 []


Underfull \hbox (badness 10000) in paragraph at lines 227--228

 []


Underfull \hbox (badness 10000) in paragraph at lines 229--230

 []


Underfull \hbox (badness 10000) in paragraph at lines 235--236

 []


Underfull \hbox (badness 10000) in paragraph at lines 237--238

 []


Underfull \hbox (badness 10000) in paragraph at lines 239--240

 []



[5]

[6]
Underfull \hbox (badness 10000) in paragraph at lines 438--439
[]\T1/phv/b/n/10 open[]SUSE\T1/phv/m/n/10 :[] \T1/pcr/m/n/10 sudo zypper instal
l doxygen graphviz texlive-scheme-medium
 []



[7]

./index.tex:458: LaTeX Error: Unicode character ├ (U+251C)
               not set up for use with LaTeX.

See the LaTeX manual or LaTeX Companion for explanation.
Type  H <return>  for immediate help.
 ...                                              
                                                  
l.458 \DoxyCodeLine{├─\ doc/}
                                 
You may provide a definition with
\DeclareUnicodeCharacter 


./index.tex:458: LaTeX Error: Unicode character ─ (U+2500)
               not set up for use with LaTeX.

See the LaTeX manual or LaTeX Companion for explanation.
Type  H <return>  for immediate help.
 ...                                              
                                                  
l.458 \DoxyCodeLine{├─\ doc/}
                                 
You may provide a definition with
\DeclareUnicodeCharacter 


./index.tex:459: LaTeX Error: Unicode character │ (U+2502)
               not set up for use with LaTeX.

See the LaTeX manual or LaTeX Companion for explanation.
Type  H <return>  for immediate help.
 ...                                              
                                                  
l.459 ...\ \#\ Temario,\ consideraciones,\ guías}
                                                  
You may provide a definition with
\DeclareUnicodeCharacter 


./index.tex:459: LaTeX Error: Unicode character ├ (U+251C)
               not set up for use with LaTeX.

See the LaTeX manual or LaTeX Companion for explanation.
Type  H <return>  for immediate help.
 ...                                              
                                                  
l.459 ...\ \#\ Temario,\ consideraciones,\ guías}
                                                  
You may provide a definition with
\DeclareUnicodeCharacter 


./index.tex:459: LaTeX Error: Unicode character ─ (U+2500)
               not set up for use with LaTeX.

See the LaTeX manual or LaTeX Companion for explanation.
Type  H <return>  for immediate help.
 ...                                              
                                                  
l.459 ...\ \#\ Temario,\ consideraciones,\ guías}
                                                  
You may provide a definition with
\DeclareUnicodeCharacter 


./index.tex:460: LaTeX Error: Unicode character │ (U+2502)
               not set up for use with LaTeX.

See the LaTeX manual or LaTeX Companion for explanation.
Type  H <return>  for immediate help.
 ...                                              
                                                  
l.460 ... \ \ \ \ \ \ \ \#\ Presentaciones\ (PDF)}
                                                  
You may provide a definition with
\DeclareUnicodeCharacter 


./index.tex:460: LaTeX Error: Unicode character ├ (U+251C)
               not set up for use with LaTeX.

See the LaTeX manual or LaTeX Companion for explanation.
Type  H <return>  for immediate help.
 ...                                              
                                                  
l.460 ... \ \ \ \ \ \ \ \#\ Presentaciones\ (PDF)}
                                                  
You may provide a definition with
\DeclareUnicodeCharacter 


./index.tex:460: LaTeX Error: Unicode character ─ (U+2500)
               not set up for use with LaTeX.

See the LaTeX manual or LaTeX Companion for explanation.
Type  H <return>  for immediate help.
 ...                                              
                                                  
l.460 ... \ \ \ \ \ \ \ \#\ Presentaciones\ (PDF)}
                                                  
You may provide a definition with
\DeclareUnicodeCharacter 


./index.tex:461: LaTeX Error: Unicode character │ (U+2502)
               not set up for use with LaTeX.

See the LaTeX manual or LaTeX Companion for explanation.
Type  H <return>  for immediate help.
 ...                                              
                                                  
l.461 ... \ \ \ \#\ Imágenes\ (escudo,\ figuras)}
                                                  
You may provide a definition with
\DeclareUnicodeCharacter 


./index.tex:461: LaTeX Error: Unicode character ├ (U+251C)
               not set up for use with LaTeX.

See the LaTeX manual or LaTeX Companion for explanation.
Type  H <return>  for immediate help.
 ...                                              
                                                  
l.461 ... \ \ \ \#\ Imágenes\ (escudo,\ figuras)}
                                                  
You may provide a definition with
\DeclareUnicodeCharacter 


./index.tex:461: LaTeX Error: Unicode character ─ (U+2500)
               not set up for use with LaTeX.

See the LaTeX manual or LaTeX Companion for explanation.
Type  H <return>  for immediate help.
 ...                                              
                                                  
l.461 ... \ \ \ \#\ Imágenes\ (escudo,\ figuras)}
                                                  
You may provide a definition with
\DeclareUnicodeCharacter 


./index.tex:462: LaTeX Error: Unicode character │ (U+2502)
               not set up for use with LaTeX.

See the LaTeX manual or LaTeX Companion for explanation.
Type  H <return>  for immediate help.
 ...                                              
                                                  
l.462 ...\ \ \ \ \#\ Notas\ y\ guías\ (Markdown)}
                                                  
You may provide a definition with
\DeclareUnicodeCharacter 


./index.tex:462: LaTeX Error: Unicode character └ (U+2514)
               not set up for use with LaTeX.

See the LaTeX manual or LaTeX Companion for explanation.
Type  H <return>  for immediate help.
 ...                                              
                                                  
l.462 ...\ \ \ \ \#\ Notas\ y\ guías\ (Markdown)}
                                                  
You may provide a definition with
\DeclareUnicodeCharacter 


./index.tex:462: LaTeX Error: Unicode character ─ (U+2500)
               not set up for use with LaTeX.

See the LaTeX manual or LaTeX Companion for explanation.
Type  H <return>  for immediate help.
 ...                                              
                                                  
l.462 ...\ \ \ \ \#\ Notas\ y\ guías\ (Markdown)}
                                                  
You may provide a definition with
\DeclareUnicodeCharacter 


./index.tex:463: LaTeX Error: Unicode character ├ (U+251C)
               not set up for use with LaTeX.

See the LaTeX manual or LaTeX Companion for explanation.
Type  H <return>  for immediate help.
 ...                                              
                                                  
l.463 \DoxyCodeLine{├─\ src/}
                                 
You may provide a definition with
\DeclareUnicodeCharacter 


./index.tex:463: LaTeX Error: Unicode character ─ (U+2500)
               not set up for use with LaTeX.

See the LaTeX manual or LaTeX Companion for explanation.
Type  H <return>  for immediate help.
 ...                                              
                                                  
l.463 \DoxyCodeLine{├─\ src/}
                                 
You may provide a definition with
\DeclareUnicodeCharacter 


./index.tex:464: LaTeX Error: Unicode character │ (U+2502)
               not set up for use with LaTeX.

See the LaTeX manual or LaTeX Companion for explanation.
Type  H <return>  for immediate help.
 ...                                              
                                                  
l.464 ... la\ UDA\ para\ el\ periodo\ E-\/J\ 2025}
                                                  
You may provide a definition with
\DeclareUnicodeCharacter 


./index.tex:464: LaTeX Error: Unicode character ├ (U+251C)
               not set up for use with LaTeX.

See the LaTeX manual or LaTeX Companion for explanation.
Type  H <return>  for immediate help.
 ...                                              
                                                  
l.464 ... la\ UDA\ para\ el\ periodo\ E-\/J\ 2025}
                                                  
You may provide a definition with
\DeclareUnicodeCharacter 


./index.tex:464: LaTeX Error: Unicode character ─ (U+2500)
               not set up for use with LaTeX.

See the LaTeX manual or LaTeX Companion for explanation.
Type  H <return>  for immediate help.
 ...                                              
                                                  
l.464 ... la\ UDA\ para\ el\ periodo\ E-\/J\ 2025}
                                                  
You may provide a definition with
\DeclareUnicodeCharacter 


./index.tex:465: LaTeX Error: Unicode character │ (U+2502)
               not set up for use with LaTeX.

See the LaTeX manual or LaTeX Companion for explanation.
Type  H <return>  for immediate help.
 ...                                              
                                                  
l.465 ... la\ UDA\ para\ el\ periodo\ A-\/D\ 2025}
                                                  
You may provide a definition with
\DeclareUnicodeCharacter 


./index.tex:465: LaTeX Error: Unicode character ├ (U+251C)
               not set up for use with LaTeX.

See the LaTeX manual or LaTeX Companion for explanation.
Type  H <return>  for immediate help.
 ...                                              
                                                  
l.465 ... la\ UDA\ para\ el\ periodo\ A-\/D\ 2025}
                                                  
You may provide a definition with
\DeclareUnicodeCharacter 


./index.tex:465: LaTeX Error: Unicode character ─ (U+2500)
               not set up for use with LaTeX.

See the LaTeX manual or LaTeX Companion for explanation.
Type  H <return>  for immediate help.
 ...                                              
                                                  
l.465 ... la\ UDA\ para\ el\ periodo\ A-\/D\ 2025}
                                                  
You may provide a definition with
\DeclareUnicodeCharacter 


./index.tex:466: LaTeX Error: Unicode character │ (U+2502)
               not set up for use with LaTeX.

See the LaTeX manual or LaTeX Companion for explanation.
Type  H <return>  for immediate help.
 ...                                              
                                                  
l.466 ... la\ UDA\ para\ el\ periodo\ E-\/J\ 2026}
                                                  
You may provide a definition with
\DeclareUnicodeCharacter 


./index.tex:466: LaTeX Error: Unicode character ├ (U+251C)
               not set up for use with LaTeX.

See the LaTeX manual or LaTeX Companion for explanation.
Type  H <return>  for immediate help.
 ...                                              
                                                  
l.466 ... la\ UDA\ para\ el\ periodo\ E-\/J\ 2026}
                                                  
You may provide a definition with
\DeclareUnicodeCharacter 


./index.tex:466: LaTeX Error: Unicode character ─ (U+2500)
               not set up for use with LaTeX.

See the LaTeX manual or LaTeX Companion for explanation.
Type  H <return>  for immediate help.
 ...                                              
                                                  
l.466 ... la\ UDA\ para\ el\ periodo\ E-\/J\ 2026}
                                                  
You may provide a definition with
\DeclareUnicodeCharacter 


./index.tex:467: LaTeX Error: Unicode character │ (U+2502)
               not set up for use with LaTeX.

See the LaTeX manual or LaTeX Companion for explanation.
Type  H <return>  for immediate help.
 ...                                              
                                                  
l.467 ...\ \ \ \#\ Scripts\ de\ apoyo\ (opcional)}
                                                  
You may provide a definition with
\DeclareUnicodeCharacter 


./index.tex:467: LaTeX Error: Unicode character ├ (U+251C)
               not set up for use with LaTeX.

See the LaTeX manual or LaTeX Companion for explanation.
Type  H <return>  for immediate help.
 ...                                              
                                                  
l.467 ...\ \ \ \#\ Scripts\ de\ apoyo\ (opcional)}
                                                  
You may provide a definition with
\DeclareUnicodeCharacter 


./index.tex:467: LaTeX Error: Unicode character ─ (U+2500)
               not set up for use with LaTeX.

See the LaTeX manual or LaTeX Companion for explanation.
Type  H <return>  for immediate help.
 ...                                              
                                                  
l.467 ...\ \ \ \#\ Scripts\ de\ apoyo\ (opcional)}
                                                  
You may provide a definition with
\DeclareUnicodeCharacter 


./index.tex:468: LaTeX Error: Unicode character │ (U+2502)
               not set up for use with LaTeX.

See the LaTeX manual or LaTeX Companion for explanation.
Type  H <return>  for immediate help.
 ...                                              
                                                  
l.468 ... \#\ Plantillas\ de\ reporte\ y\ estilos}
                                                  
You may provide a definition with
\DeclareUnicodeCharacter 


./index.tex:468: LaTeX Error: Unicode character └ (U+2514)
               not set up for use with LaTeX.

See the LaTeX manual or LaTeX Companion for explanation.
Type  H <return>  for immediate help.
 ...                                              
                                                  
l.468 ... \#\ Plantillas\ de\ reporte\ y\ estilos}
                                                  
You may provide a definition with
\DeclareUnicodeCharacter 


./index.tex:468: LaTeX Error: Unicode character ─ (U+2500)
               not set up for use with LaTeX.

See the LaTeX manual or LaTeX Companion for explanation.
Type  H <return>  for immediate help.
 ...                                              
                                                  
l.468 ... \#\ Plantillas\ de\ reporte\ y\ estilos}
                                                  
You may provide a definition with
\DeclareUnicodeCharacter 


./index.tex:469: LaTeX Error: Unicode character ├ (U+251C)
               not set up for use with LaTeX.

See the LaTeX manual or LaTeX Companion for explanation.
Type  H <return>  for immediate help.
 ...                                              
                                                  
l.469 ...\ \ \ \ \#\ Archivos\ de\ entrada/salida}
                                                  
You may provide a definition with
\DeclareUnicodeCharacter 


./index.tex:469: LaTeX Error: Unicode character ─ (U+2500)
               not set up for use with LaTeX.

See the LaTeX manual or LaTeX Companion for explanation.
Type  H <return>  for immediate help.
 ...                                              
                                                  
l.469 ...\ \ \ \ \#\ Archivos\ de\ entrada/salida}
                                                  
You may provide a definition with
\DeclareUnicodeCharacter 


./index.tex:470: LaTeX Error: Unicode character └ (U+2514)
               not set up for use with LaTeX.

See the LaTeX manual or LaTeX Companion for explanation.
Type  H <return>  for immediate help.
 ...                                              
                                                  
l.470 \DoxyCodeLine{└─\ LICENSE}
                                    
You may provide a definition with
\DeclareUnicodeCharacter 


./index.tex:470: LaTeX Error: Unicode character ─ (U+2500)
               not set up for use with LaTeX.

See the LaTeX manual or LaTeX Companion for explanation.
Type  H <return>  for immediate help.
 ...                                              
                                                  
l.470 \DoxyCodeLine{└─\ LICENSE}
                                    
You may provide a definition with
\DeclareUnicodeCharacter 

LaTeX Font Info:    Font shape `T1/phv/m/it' in size <10> not available
(Font)              Font shape `T1/phv/m/sl' tried instead on input line 483.
LaTeX Font Info:    Font shape `T1/phv/m/sl' will be
(Font)              scaled to size 8.99994pt on input line 483.

Underfull \hbox (badness 2512) in paragraph at lines 491--492
[][]\T1/pcr/m/n/10 Dr. M.-A. Ibarra-[]Manzano[][] \T1/phv/m/n/10 - [][]\T1/pcr/
m/n/10 DICIS-[]UG[][] \T1/phv/m/n/10 - [][]\T1/pcr/m/n/10 ORCID:[] 0000-0003-43
17-0248[][] \T1/phv/m/n/10 - [][]\T1/pcr/m/n/10 SCOPUS:[]
 []

)

[8]

[9]

[10

]
Chapter 2.
(./dirs.tex
LaTeX Font Info:    Font shape `T1/phv/b/n' will be
(Font)              scaled to size 12.9599pt on input line 1.


[11]

[12]

[13]

[14]

[15])

[16]
Chapter 3.
(./annotated.tex)

[17

]

[18

]
Chapter 4.
(./files.tex

[19]

./files.tex:90: LaTeX Error: Unicode character π (U+03C0)
               not set up for use with LaTeX.

See the LaTeX manual or LaTeX Companion for explanation.
Type  H <return>  for immediate help.
 ...                                              
                                                  
l.90 ... }{\pageref{20261_2src_2_ejemplo008_8c}}{}
                                                  
You may provide a definition with
\DeclareUnicodeCharacter 



[20]

[21])

[22]
Chapter 5.
(./dir_1c484a23a4141cdccd66329a734fca1b.tex <./dir_1c484a23a4141cdccd66329a734f
ca1b_dep.pdf>
<dir_1c484a23a4141cdccd66329a734fca1b_dep.pdf, id=5179, 154.5775pt x 151.56625p
t>
File: dir_1c484a23a4141cdccd66329a734fca1b_dep.pdf Graphic file (type pdf)
<use dir_1c484a23a4141cdccd66329a734fca1b_dep.pdf>
Package pdftex.def Info: dir_1c484a23a4141cdccd66329a734fca1b_dep.pdf  used on 
input line 7.
(pdftex.def)             Requested size: 154.0pt x 151.01312pt.


[23

]) (./dir_ebb5fa7923683ce4af6016b8bb0ff091.tex <./dir_ebb5fa7923683ce4af6016b8b
b0ff091_dep.pdf>
<dir_ebb5fa7923683ce4af6016b8bb0ff091_dep.pdf, id=5265, 154.5775pt x 151.56625p
t>
File: dir_ebb5fa7923683ce4af6016b8bb0ff091_dep.pdf Graphic file (type pdf)
<use dir_ebb5fa7923683ce4af6016b8bb0ff091_dep.pdf>
Package pdftex.def Info: dir_ebb5fa7923683ce4af6016b8bb0ff091_dep.pdf  used on 
input line 7.
(pdftex.def)             Requested size: 154.0pt x 151.01312pt.


[24]) (./dir_474482a02e70ee6fe7e6d87dda2d85be.tex <./dir_474482a02e70ee6fe7e6d8
7dda2d85be_dep.pdf>
<dir_474482a02e70ee6fe7e6d87dda2d85be_dep.pdf, id=5372, 218.8175pt x 167.62625p
t>
File: dir_474482a02e70ee6fe7e6d87dda2d85be_dep.pdf Graphic file (type pdf)
<use dir_474482a02e70ee6fe7e6d87dda2d85be_dep.pdf>
Package pdftex.def Info: dir_474482a02e70ee6fe7e6d87dda2d85be_dep.pdf  used on 
input line 7.
(pdftex.def)             Requested size: 218.0pt x 167.00172pt.
) (./dir_68267d1309a1af8e8297ef4c3efbcdba.tex) (./dir_6400ac55fbf63ae446620a470
d81f49e.tex <./dir_6400ac55fbf63ae446620a470d81f49e_dep.pdf>
<dir_6400ac55fbf63ae446620a470d81f49e_dep.pdf, id=5390, 142.5325pt x 151.56625p
t>
File: dir_6400ac55fbf63ae446620a470d81f49e_dep.pdf Graphic file (type pdf)
<use dir_6400ac55fbf63ae446620a470d81f49e_dep.pdf>
Package pdftex.def Info: dir_6400ac55fbf63ae446620a470d81f49e_dep.pdf  used on 
input line 7.
(pdftex.def)             Requested size: 142.0pt x 150.99925pt.


[25]
LaTeX Font Info:    Font shape `T1/phv/m/n' will be
(Font)              scaled to size 8.09995pt on input line 14.
LaTeX Font Info:    Font shape `T1/phv/m/it' in size <9> not available
(Font)              Font shape `T1/phv/m/sl' tried instead on input line 14.
LaTeX Font Info:    Font shape `T1/phv/m/sl' will be
(Font)              scaled to size 8.09995pt on input line 14.
LaTeX Font Info:    Font shape `T1/phv/m/it' in size <7> not available
(Font)              Font shape `T1/phv/m/sl' tried instead on input line 14.
LaTeX Font Info:    Font shape `T1/phv/m/sl' will be
(Font)              scaled to size 6.29996pt on input line 14.

./dir_6400ac55fbf63ae446620a470d81f49e.tex:28: LaTeX Error: Unicode character �
� (U+03C0)
               not set up for use with LaTeX.

See the LaTeX manual or LaTeX Companion for explanation.
Type  H <return>  for immediate help.
 ...                                              
                                                  
l.28 ...actList}\small\item\em Aproximación de π
                                                   mediante la serie de Leib...

You may provide a definition with
\DeclareUnicodeCharacter 



[26]
LaTeX Font Info:    Font shape `TS1/phv/m/it' in size <9> not available
(Font)              Font shape `TS1/phv/m/sl' tried instead on input line 68.
LaTeX Font Info:    Font shape `TS1/phv/m/sl' will be
(Font)              scaled to size 8.09995pt on input line 68.
) (./dir_f5f72c0707506975c00b8e2fcde009a7.tex <./dir_f5f72c0707506975c00b8e2fcd
e009a7_dep.pdf>
<dir_f5f72c0707506975c00b8e2fcde009a7_dep.pdf, id=5500, 166.6225pt x 151.56625p
t>
File: dir_f5f72c0707506975c00b8e2fcde009a7_dep.pdf Graphic file (type pdf)
<use dir_f5f72c0707506975c00b8e2fcde009a7_dep.pdf>
Package pdftex.def Info: dir_f5f72c0707506975c00b8e2fcde009a7_dep.pdf  used on 
input line 7.
(pdftex.def)             Requested size: 166.0pt x 151.01082pt.


[27])

[28]
Chapter 6.
(./structcontacto.tex
LaTeX Font Info:    Font shape `T1/phv/m/n' will be
(Font)              scaled to size 7.19995pt on input line 27.
) (./structdato__s.tex

[29

]) (./uniondato__u.tex)

[30]
Chapter 7.
(./_r_e_a_d_m_e_8md.tex) (./001__cod__prioridad_8c.tex <./001__cod__prioridad_8
c__incl.pdf>
<001__cod__prioridad_8c__incl.pdf, id=5645, 229.85875pt x 155.58125pt>
File: 001__cod__prioridad_8c__incl.pdf Graphic file (type pdf)
<use 001__cod__prioridad_8c__incl.pdf>
Package pdftex.def Info: 001__cod__prioridad_8c__incl.pdf  used on input line 8
.
(pdftex.def)             Requested size: 229.0pt x 155.00873pt.
LaTeX Font Info:    Font shape `T1/pcr/m/it' in size <8> not available
(Font)              Font shape `T1/pcr/m/sl' tried instead on input line 25.
) (./001__cod__prioridad_8c_source.tex

[31

]) (./002___pokemon_8c.tex <./002___pokemon_8c__incl.pdf>
<002___pokemon_8c__incl.pdf, id=5678, 212.795pt x 155.58125pt>
File: 002___pokemon_8c__incl.pdf Graphic file (type pdf)
<use 002___pokemon_8c__incl.pdf>
Package pdftex.def Info: 002___pokemon_8c__incl.pdf  used on input line 8.
(pdftex.def)             Requested size: 212.0pt x 155.00873pt.
) (./002___pokemon_8c_source.tex

[32]) (./003__cuadratica_8c.tex <./003__cuadratica_8c__incl.pdf>
<003__cuadratica_8c__incl.pdf, id=5763, 216.81pt x 155.58125pt>
File: 003__cuadratica_8c__incl.pdf Graphic file (type pdf)
<use 003__cuadratica_8c__incl.pdf>
Package pdftex.def Info: 003__cuadratica_8c__incl.pdf  used on input line 9.
(pdftex.def)             Requested size: 216.0pt x 155.00873pt.
) (./003__cuadratica_8c_source.tex

[33]) (./004__rang_temp_8c.tex <./004__rang_temp_8c__incl.pdf>
<004__rang_temp_8c__incl.pdf, id=5805, 214.8025pt x 155.58125pt>
File: 004__rang_temp_8c__incl.pdf Graphic file (type pdf)
<use 004__rang_temp_8c__incl.pdf>
Package pdftex.def Info: 004__rang_temp_8c__incl.pdf  used on input line 8.
(pdftex.def)             Requested size: 214.0pt x 155.0016pt.


[34]) (./004__rang_temp_8c_source.tex) (./005__rang_temp2_8c.tex <./005__rang_t
emp2_8c__incl.pdf>
<005__rang_temp2_8c__incl.pdf, id=5855, 219.82124pt x 155.58125pt>
File: 005__rang_temp2_8c__incl.pdf Graphic file (type pdf)
<use 005__rang_temp2_8c__incl.pdf>
Package pdftex.def Info: 005__rang_temp2_8c__incl.pdf  used on input line 8.
(pdftex.def)             Requested size: 219.0pt x 155.00397pt.


[35]) (./005__rang_temp2_8c_source.tex) (./006__valor_p_i_8c.tex <./006__valor_
p_i_8c__incl.pdf>
<006__valor_p_i_8c__incl.pdf, id=5914, 202.7575pt x 155.58125pt>
File: 006__valor_p_i_8c__incl.pdf Graphic file (type pdf)
<use 006__valor_p_i_8c__incl.pdf>
Package pdftex.def Info: 006__valor_p_i_8c__incl.pdf  used on input line 8.
(pdftex.def)             Requested size: 202.0pt x 155.00397pt.


[36]) (./006__valor_p_i_8c_source.tex

[37]) (./007__exp__1_8c.tex <./007__exp__1_8c__incl.pdf>
<007__exp__1_8c__incl.pdf, id=5994, 197.73875pt x 155.58125pt>
File: 007__exp__1_8c__incl.pdf Graphic file (type pdf)
<use 007__exp__1_8c__incl.pdf>
Package pdftex.def Info: 007__exp__1_8c__incl.pdf  used on input line 8.
(pdftex.def)             Requested size: 197.0pt x 155.0016pt.
) (./007__exp__1_8c_source.tex

[38]) (./008__exp__2_8c.tex <./008__exp__2_8c__incl.pdf>
<008__exp__2_8c__incl.pdf, id=6031, 197.73875pt x 155.58125pt>
File: 008__exp__2_8c__incl.pdf Graphic file (type pdf)
<use 008__exp__2_8c__incl.pdf>
Package pdftex.def Info: 008__exp__2_8c__incl.pdf  used on input line 8.
(pdftex.def)             Requested size: 197.0pt x 155.0016pt.


[39] <./008__exp__2_8c_a0ddf1224851353fc92bfbff6f499fa97_cgraph.pdf>
<008__exp__2_8c_a0ddf1224851353fc92bfbff6f499fa97_cgraph.pdf, id=6090, 182.6825
pt x 117.43875pt>
File: 008__exp__2_8c_a0ddf1224851353fc92bfbff6f499fa97_cgraph.pdf Graphic file 
(type pdf)
<use 008__exp__2_8c_a0ddf1224851353fc92bfbff6f499fa97_cgraph.pdf>
Package pdftex.def Info: 008__exp__2_8c_a0ddf1224851353fc92bfbff6f499fa97_cgrap
h.pdf  used on input line 57.
(pdftex.def)             Requested size: 182.0pt x 117.00478pt.
) (./008__exp__2_8c_source.tex) (./009__exp__3_8c.tex <./009__exp__3_8c__incl.p
df>
<009__exp__3_8c__incl.pdf, id=6112, 197.73875pt x 155.58125pt>
File: 009__exp__3_8c__incl.pdf Graphic file (type pdf)
<use 009__exp__3_8c__incl.pdf>
Package pdftex.def Info: 009__exp__3_8c__incl.pdf  used on input line 8.
(pdftex.def)             Requested size: 197.0pt x 155.0016pt.


[40] <./009__exp__3_8c_a0ddf1224851353fc92bfbff6f499fa97_cgraph.pdf>
<009__exp__3_8c_a0ddf1224851353fc92bfbff6f499fa97_cgraph.pdf, id=6162, 182.6825
pt x 117.43875pt>
File: 009__exp__3_8c_a0ddf1224851353fc92bfbff6f499fa97_cgraph.pdf Graphic file 
(type pdf)
<use 009__exp__3_8c_a0ddf1224851353fc92bfbff6f499fa97_cgraph.pdf>
Package pdftex.def Info: 009__exp__3_8c_a0ddf1224851353fc92bfbff6f499fa97_cgrap
h.pdf  used on input line 56.
(pdftex.def)             Requested size: 182.0pt x 117.00478pt.
) (./009__exp__3_8c_source.tex) (./010__lnx_8c.tex <./010__lnx_8c__incl.pdf>
<010__lnx_8c__incl.pdf, id=6184, 184.69pt x 155.58125pt>
File: 010__lnx_8c__incl.pdf Graphic file (type pdf)
<use 010__lnx_8c__incl.pdf>
Package pdftex.def Info: 010__lnx_8c__incl.pdf  used on input line 8.
(pdftex.def)             Requested size: 184.0pt x 155.0016pt.


[41] <./010__lnx_8c_a0ddf1224851353fc92bfbff6f499fa97_cgraph.pdf>
<010__lnx_8c_a0ddf1224851353fc92bfbff6f499fa97_cgraph.pdf, id=6236, 182.6825pt 
x 117.43875pt>
File: 010__lnx_8c_a0ddf1224851353fc92bfbff6f499fa97_cgraph.pdf Graphic file (ty
pe pdf)
<use 010__lnx_8c_a0ddf1224851353fc92bfbff6f499fa97_cgraph.pdf>
Package pdftex.def Info: 010__lnx_8c_a0ddf1224851353fc92bfbff6f499fa97_cgraph.p
df  used on input line 60.
(pdftex.def)             Requested size: 182.0pt x 117.00478pt.
) (./010__lnx_8c_source.tex

[42]) (./011__seno_8c.tex <./011__seno_8c__incl.pdf>
<011__seno_8c__incl.pdf, id=6271, 192.72pt x 155.58125pt>
File: 011__seno_8c__incl.pdf Graphic file (type pdf)
<use 011__seno_8c__incl.pdf>
Package pdftex.def Info: 011__seno_8c__incl.pdf  used on input line 8.
(pdftex.def)             Requested size: 192.0pt x 154.99922pt.


[43] <./011__seno_8c_a0ddf1224851353fc92bfbff6f499fa97_cgraph.pdf>
<011__seno_8c_a0ddf1224851353fc92bfbff6f499fa97_cgraph.pdf, id=6340, 182.6825pt
 x 117.43875pt>
File: 011__seno_8c_a0ddf1224851353fc92bfbff6f499fa97_cgraph.pdf Graphic file (t
ype pdf)
<use 011__seno_8c_a0ddf1224851353fc92bfbff6f499fa97_cgraph.pdf>
Package pdftex.def Info: 011__seno_8c_a0ddf1224851353fc92bfbff6f499fa97_cgraph.
pdf  used on input line 77.
(pdftex.def)             Requested size: 182.0pt x 117.00478pt.
) (./011__seno_8c_source.tex) (./012__aleatorio_8c.tex <./012__aleatorio_8c__in
cl.pdf>
<012__aleatorio_8c__incl.pdf, id=6368, 251.94125pt x 155.58125pt>
File: 012__aleatorio_8c__incl.pdf Graphic file (type pdf)
<use 012__aleatorio_8c__incl.pdf>
Package pdftex.def Info: 012__aleatorio_8c__incl.pdf  used on input line 10.
(pdftex.def)             Requested size: 251.0pt x 155.0016pt.


[44]

[45]) (./012__aleatorio_8c_source.tex) (./014___ord_burbuja_8c.tex <./014___ord
_burbuja_8c__incl.pdf>
<014___ord_burbuja_8c__incl.pdf, id=6496, 251.94125pt x 155.58125pt>
File: 014___ord_burbuja_8c__incl.pdf Graphic file (type pdf)
<use 014___ord_burbuja_8c__incl.pdf>
Package pdftex.def Info: 014___ord_burbuja_8c__incl.pdf  used on input line 10.

(pdftex.def)             Requested size: 251.0pt x 155.0016pt.


[46]) (./014___ord_burbuja_8c_source.tex

[47]) (./015___pares_nones_8c.tex <./015___pares_nones_8c__incl.pdf>
<015___pares_nones_8c__incl.pdf, id=6661, 251.94125pt x 155.58125pt>
File: 015___pares_nones_8c__incl.pdf Graphic file (type pdf)
<use 015___pares_nones_8c__incl.pdf>
Package pdftex.def Info: 015___pares_nones_8c__incl.pdf  used on input line 10.

(pdftex.def)             Requested size: 251.0pt x 155.0016pt.


[48]) (./015___pares_nones_8c_source.tex

[49]) (./016___seleccion_8c.tex <./016___seleccion_8c__incl.pdf>
<016___seleccion_8c__incl.pdf, id=6826, 251.94125pt x 155.58125pt>
File: 016___seleccion_8c__incl.pdf Graphic file (type pdf)
<use 016___seleccion_8c__incl.pdf>
Package pdftex.def Info: 016___seleccion_8c__incl.pdf  used on input line 10.
(pdftex.def)             Requested size: 251.0pt x 155.0016pt.


[50]) (./016___seleccion_8c_source.tex

[51]) (./017___insercion_8c.tex <./017___insercion_8c__incl.pdf>
<017___insercion_8c__incl.pdf, id=7010, 251.94125pt x 155.58125pt>
File: 017___insercion_8c__incl.pdf Graphic file (type pdf)
<use 017___insercion_8c__incl.pdf>
Package pdftex.def Info: 017___insercion_8c__incl.pdf  used on input line 10.
(pdftex.def)             Requested size: 251.0pt x 155.0016pt.


[52]) (./017___insercion_8c_source.tex

[53]) (./018___casilleros_8c.tex <./018___casilleros_8c__incl.pdf>
<018___casilleros_8c__incl.pdf, id=7192, 317.185pt x 155.58125pt>
File: 018___casilleros_8c__incl.pdf Graphic file (type pdf)
<use 018___casilleros_8c__incl.pdf>
Package pdftex.def Info: 018___casilleros_8c__incl.pdf  used on input line 11.
(pdftex.def)             Requested size: 316.0pt x 155.01347pt.


[54]

[55]) (./018___casilleros_8c_source.tex

[56]) (./019___burbuja_b_d_8c.tex <./019___burbuja_b_d_8c__incl.pdf>
<019___burbuja_b_d_8c__incl.pdf, id=7472, 251.94125pt x 155.58125pt>
File: 019___burbuja_b_d_8c__incl.pdf Graphic file (type pdf)
<use 019___burbuja_b_d_8c__incl.pdf>
Package pdftex.def Info: 019___burbuja_b_d_8c__incl.pdf  used on input line 10.

(pdftex.def)             Requested size: 251.0pt x 155.0016pt.


[57]) (./019___burbuja_b_d_8c_source.tex

[58]) (./020___burbuja_b_d_8c.tex <./020___burbuja_b_d_8c__incl.pdf>
<020___burbuja_b_d_8c__incl.pdf, id=7644, 251.94125pt x 155.58125pt>
File: 020___burbuja_b_d_8c__incl.pdf Graphic file (type pdf)
<use 020___burbuja_b_d_8c__incl.pdf>
Package pdftex.def Info: 020___burbuja_b_d_8c__incl.pdf  used on input line 10.

(pdftex.def)             Requested size: 251.0pt x 155.0016pt.


[59]) (./020___burbuja_b_d_8c_source.tex

[60]) (./021___conteno_8c.tex <./021___conteno_8c__incl.pdf>
<021___conteno_8c__incl.pdf, id=7823, 251.94125pt x 155.58125pt>
File: 021___conteno_8c__incl.pdf Graphic file (type pdf)
<use 021___conteno_8c__incl.pdf>
Package pdftex.def Info: 021___conteno_8c__incl.pdf  used on input line 10.
(pdftex.def)             Requested size: 251.0pt x 155.0016pt.


[61]) (./021___conteno_8c_source.tex

[62]) (./022__multiplicacion_8c.tex <./022__multiplicacion_8c__incl.pdf>
<022__multiplicacion_8c__incl.pdf, id=8007, 230.8625pt x 155.58125pt>
File: 022__multiplicacion_8c__incl.pdf Graphic file (type pdf)
<use 022__multiplicacion_8c__incl.pdf>
Package pdftex.def Info: 022__multiplicacion_8c__incl.pdf  used on input line 8
.
(pdftex.def)             Requested size: 230.0pt x 155.0016pt.


[63]) (./022__multiplicacion_8c_source.tex

[64]) (./023___eli_gauss_8c.tex <./023___eli_gauss_8c__incl.pdf>
<023___eli_gauss_8c__incl.pdf, id=8153, 211.79124pt x 155.58125pt>
File: 023___eli_gauss_8c__incl.pdf Graphic file (type pdf)
<use 023___eli_gauss_8c__incl.pdf>
Package pdftex.def Info: 023___eli_gauss_8c__incl.pdf  used on input line 8.
(pdftex.def)             Requested size: 211.0pt x 155.00635pt.


[65] <./023___eli_gauss_8c_a0ddf1224851353fc92bfbff6f499fa97_cgraph.pdf>
<023___eli_gauss_8c_a0ddf1224851353fc92bfbff6f499fa97_cgraph.pdf, id=8239, 182.
6825pt x 117.43875pt>
File: 023___eli_gauss_8c_a0ddf1224851353fc92bfbff6f499fa97_cgraph.pdf Graphic f
ile (type pdf)
<use 023___eli_gauss_8c_a0ddf1224851353fc92bfbff6f499fa97_cgraph.pdf>
Package pdftex.def Info: 023___eli_gauss_8c_a0ddf1224851353fc92bfbff6f499fa97_c
graph.pdf  used on input line 124.
(pdftex.def)             Requested size: 182.0pt x 117.00478pt.
) (./023___eli_gauss_8c_source.tex

[66]

[67]) (./024___eli_gauss_8c.tex <./024___eli_gauss_8c__incl.pdf>
<024___eli_gauss_8c__incl.pdf, id=8350, 211.79124pt x 155.58125pt>
File: 024___eli_gauss_8c__incl.pdf Graphic file (type pdf)
<use 024___eli_gauss_8c__incl.pdf>
Package pdftex.def Info: 024___eli_gauss_8c__incl.pdf  used on input line 8.
(pdftex.def)             Requested size: 211.0pt x 155.00635pt.


[68] <./024___eli_gauss_8c_a0ddf1224851353fc92bfbff6f499fa97_cgraph.pdf>
<024___eli_gauss_8c_a0ddf1224851353fc92bfbff6f499fa97_cgraph.pdf, id=8412, 182.
6825pt x 117.43875pt>
File: 024___eli_gauss_8c_a0ddf1224851353fc92bfbff6f499fa97_cgraph.pdf Graphic f
ile (type pdf)
<use 024___eli_gauss_8c_a0ddf1224851353fc92bfbff6f499fa97_cgraph.pdf>
Package pdftex.def Info: 024___eli_gauss_8c_a0ddf1224851353fc92bfbff6f499fa97_c
graph.pdf  used on input line 105.
(pdftex.def)             Requested size: 182.0pt x 117.00478pt.
) (./024___eli_gauss_8c_source.tex

[69]) (./025___cy_n_8c.tex <./025___cy_n_8c__incl.pdf>
<025___cy_n_8c__incl.pdf, id=8477, 317.185pt x 155.58125pt>
File: 025___cy_n_8c__incl.pdf Graphic file (type pdf)
<use 025___cy_n_8c__incl.pdf>
Package pdftex.def Info: 025___cy_n_8c__incl.pdf  used on input line 11.
(pdftex.def)             Requested size: 316.0pt x 155.01347pt.


[70]) (./025___cy_n_8c_source.tex

[71]) (./026___binarios_8c.tex <./026___binarios_8c__incl.pdf>
<026___binarios_8c__incl.pdf, id=8630, 206.7725pt x 155.58125pt>
File: 026___binarios_8c__incl.pdf Graphic file (type pdf)
<use 026___binarios_8c__incl.pdf>
Package pdftex.def Info: 026___binarios_8c__incl.pdf  used on input line 8.
(pdftex.def)             Requested size: 206.0pt x 155.00397pt.


[72]

[73]) (./026___binarios_8c_source.tex

[74]) (./027___paridad_8c.tex <./027___paridad_8c__incl.pdf>
<027___paridad_8c__incl.pdf, id=8826, 251.94125pt x 155.58125pt>
File: 027___paridad_8c__incl.pdf Graphic file (type pdf)
<use 027___paridad_8c__incl.pdf>
Package pdftex.def Info: 027___paridad_8c__incl.pdf  used on input line 10.
(pdftex.def)             Requested size: 251.0pt x 155.0016pt.


[75]) (./027___paridad_8c_source.tex

[76]) (./028___hamming_8c.tex <./028___hamming_8c__incl.pdf>
<028___hamming_8c__incl.pdf, id=8953, 213.79875pt x 155.58125pt>
File: 028___hamming_8c__incl.pdf Graphic file (type pdf)
<use 028___hamming_8c__incl.pdf>
Package pdftex.def Info: 028___hamming_8c__incl.pdf  used on input line 9.
(pdftex.def)             Requested size: 213.0pt x 154.99922pt.


[77]) (./028___hamming_8c_source.tex) (./029___enc_8c.tex

[78] <./029___enc_8c__incl.pdf>
<029___enc_8c__incl.pdf, id=9079, 188.705pt x 155.58125pt>
File: 029___enc_8c__incl.pdf Graphic file (type pdf)
<use 029___enc_8c__incl.pdf>
Package pdftex.def Info: 029___enc_8c__incl.pdf  used on input line 8.
(pdftex.def)             Requested size: 188.0pt x 154.99922pt.


[79]) (./029___enc_8c_source.tex

[80]) (./030___par_entrada_8c.tex <./030___par_entrada_8c__incl.pdf>
<030___par_entrada_8c__incl.pdf, id=9181, 220.825pt x 155.58125pt>
File: 030___par_entrada_8c__incl.pdf Graphic file (type pdf)
<use 030___par_entrada_8c__incl.pdf>
Package pdftex.def Info: 030___par_entrada_8c__incl.pdf  used on input line 8.
(pdftex.def)             Requested size: 220.0pt x 155.00635pt.
) (./030___par_entrada_8c_source.tex

[81]) (./031___par_entrada_8c.tex <./031___par_entrada_8c__incl.pdf>
<031___par_entrada_8c__incl.pdf, id=9238, 220.825pt x 155.58125pt>
File: 031___par_entrada_8c__incl.pdf Graphic file (type pdf)
<use 031___par_entrada_8c__incl.pdf>
Package pdftex.def Info: 031___par_entrada_8c__incl.pdf  used on input line 9.
(pdftex.def)             Requested size: 220.0pt x 155.00635pt.
) (./031___par_entrada_8c_source.tex

[82]) (./032___par_entrada_8c.tex <./032___par_entrada_8c__incl.pdf>
<032___par_entrada_8c__incl.pdf, id=9278, 220.825pt x 155.58125pt>
File: 032___par_entrada_8c__incl.pdf Graphic file (type pdf)
<use 032___par_entrada_8c__incl.pdf>
Package pdftex.def Info: 032___par_entrada_8c__incl.pdf  used on input line 8.
(pdftex.def)             Requested size: 220.0pt x 155.00635pt.
 <./032___par_entrada_8c_a0ddf1224851353fc92bfbff6f499fa97_cgraph.pdf>
<032___par_entrada_8c_a0ddf1224851353fc92bfbff6f499fa97_cgraph.pdf, id=9298, 20
4.765pt x 99.37125pt>
File: 032___par_entrada_8c_a0ddf1224851353fc92bfbff6f499fa97_cgraph.pdf Graphic
 file (type pdf)
<use 032___par_entrada_8c_a0ddf1224851353fc92bfbff6f499fa97_cgraph.pdf>
Package pdftex.def Info: 032___par_entrada_8c_a0ddf1224851353fc92bfbff6f499fa97
_cgraph.pdf  used on input line 60.
(pdftex.def)             Requested size: 204.0pt x 99.00557pt.


[83] <./032___par_entrada_8c_acb9c030c74798a489dbc6e5aee1f34ba_icgraph.pdf>
<032___par_entrada_8c_acb9c030c74798a489dbc6e5aee1f34ba_icgraph.pdf, id=9347, 2
04.765pt x 99.37125pt>
File: 032___par_entrada_8c_acb9c030c74798a489dbc6e5aee1f34ba_icgraph.pdf Graphi
c file (type pdf)
<use 032___par_entrada_8c_acb9c030c74798a489dbc6e5aee1f34ba_icgraph.pdf>
Package pdftex.def Info: 032___par_entrada_8c_acb9c030c74798a489dbc6e5aee1f34ba
_icgraph.pdf  used on input line 98.
(pdftex.def)             Requested size: 204.0pt x 99.00557pt.
) (./032___par_entrada_8c_source.tex

[84]) (./033___arreglo1_d_8c.tex <./033___arreglo1_d_8c__incl.pdf>
<033___arreglo1_d_8c__incl.pdf, id=9391, 251.94125pt x 155.58125pt>
File: 033___arreglo1_d_8c__incl.pdf Graphic file (type pdf)
<use 033___arreglo1_d_8c__incl.pdf>
Package pdftex.def Info: 033___arreglo1_d_8c__incl.pdf  used on input line 10.
(pdftex.def)             Requested size: 251.0pt x 155.0016pt.


[85]

[86]) (./033___arreglo1_d_8c_source.tex) (./_ejemplo__035_8c.tex <./_ejemplo__0
35_8c__incl.pdf>
<_ejemplo__035_8c__incl.pdf, id=9527, 251.94125pt x 155.58125pt>
File: _ejemplo__035_8c__incl.pdf Graphic file (type pdf)
<use _ejemplo__035_8c__incl.pdf>
Package pdftex.def Info: _ejemplo__035_8c__incl.pdf  used on input line 10.
(pdftex.def)             Requested size: 251.0pt x 155.0016pt.


[87] <./_ejemplo__035_8c_a840291bc02cba5474a4cb46a9b9566fe_cgraph.pdf>
<_ejemplo__035_8c_a840291bc02cba5474a4cb46a9b9566fe_cgraph.pdf, id=9583, 275.02
75pt x 117.43875pt>
File: _ejemplo__035_8c_a840291bc02cba5474a4cb46a9b9566fe_cgraph.pdf Graphic fil
e (type pdf)
<use _ejemplo__035_8c_a840291bc02cba5474a4cb46a9b9566fe_cgraph.pdf>
Package pdftex.def Info: _ejemplo__035_8c_a840291bc02cba5474a4cb46a9b9566fe_cgr
aph.pdf  used on input line 70.
(pdftex.def)             Requested size: 274.0pt x 117.01016pt.
 <./_ejemplo__035_8c_ab9f2a2d26f5b6cf9701dd51d2dc2614c_cgraph.pdf>
<_ejemplo__035_8c_ab9f2a2d26f5b6cf9701dd51d2dc2614c_cgraph.pdf, id=9597, 201.75
375pt x 117.43875pt>
File: _ejemplo__035_8c_ab9f2a2d26f5b6cf9701dd51d2dc2614c_cgraph.pdf Graphic fil
e (type pdf)
<use _ejemplo__035_8c_ab9f2a2d26f5b6cf9701dd51d2dc2614c_cgraph.pdf>
Package pdftex.def Info: _ejemplo__035_8c_ab9f2a2d26f5b6cf9701dd51d2dc2614c_cgr
aph.pdf  used on input line 94.
(pdftex.def)             Requested size: 201.0pt x 117.0012pt.


[88] <./_ejemplo__035_8c_ab9f2a2d26f5b6cf9701dd51d2dc2614c_icgraph.pdf>
<_ejemplo__035_8c_ab9f2a2d26f5b6cf9701dd51d2dc2614c_icgraph.pdf, id=9618, 195.7
3125pt x 136.51pt>
File: _ejemplo__035_8c_ab9f2a2d26f5b6cf9701dd51d2dc2614c_icgraph.pdf Graphic fi
le (type pdf)
<use _ejemplo__035_8c_ab9f2a2d26f5b6cf9701dd51d2dc2614c_icgraph.pdf>
Package pdftex.def Info: _ejemplo__035_8c_ab9f2a2d26f5b6cf9701dd51d2dc2614c_icg
raph.pdf  used on input line 101.
(pdftex.def)             Requested size: 195.0pt x 136.00766pt.
 <./_ejemplo__035_8c_a44f2b2d1e708be5a883f08704fffd99e_cgraph.pdf>
<_ejemplo__035_8c_a44f2b2d1e708be5a883f08704fffd99e_cgraph.pdf, id=9632, 123.46
124pt x 117.43875pt>
File: _ejemplo__035_8c_a44f2b2d1e708be5a883f08704fffd99e_cgraph.pdf Graphic fil
e (type pdf)
<use _ejemplo__035_8c_a44f2b2d1e708be5a883f08704fffd99e_cgraph.pdf>
Package pdftex.def Info: _ejemplo__035_8c_a44f2b2d1e708be5a883f08704fffd99e_cgr
aph.pdf  used on input line 125.
(pdftex.def)             Requested size: 123.0pt x 117.00658pt.
 <./_ejemplo__035_8c_a44f2b2d1e708be5a883f08704fffd99e_icgraph.pdf>
<_ejemplo__035_8c_a44f2b2d1e708be5a883f08704fffd99e_icgraph.pdf, id=9640, 275.0
275pt x 136.51pt>
File: _ejemplo__035_8c_a44f2b2d1e708be5a883f08704fffd99e_icgraph.pdf Graphic fi
le (type pdf)
<use _ejemplo__035_8c_a44f2b2d1e708be5a883f08704fffd99e_icgraph.pdf>
Package pdftex.def Info: _ejemplo__035_8c_a44f2b2d1e708be5a883f08704fffd99e_icg
raph.pdf  used on input line 132.
(pdftex.def)             Requested size: 274.0pt x 136.01183pt.
) (./_ejemplo__035_8c_source.tex

[89]) (./_ejemplo__036_8c.tex <./_ejemplo__036_8c__incl.pdf>
<_ejemplo__036_8c__incl.pdf, id=9677, 206.7725pt x 155.58125pt>
File: _ejemplo__036_8c__incl.pdf Graphic file (type pdf)
<use _ejemplo__036_8c__incl.pdf>
Package pdftex.def Info: _ejemplo__036_8c__incl.pdf  used on input line 9.
(pdftex.def)             Requested size: 206.0pt x 155.00397pt.


[90]

[91]) (./_ejemplo__036_8c_source.tex) (./_ejemplo__037_8c.tex <./_ejemplo__037_
8c__incl.pdf>
<_ejemplo__037_8c__incl.pdf, id=9752, 206.7725pt x 155.58125pt>
File: _ejemplo__037_8c__incl.pdf Graphic file (type pdf)
<use _ejemplo__037_8c__incl.pdf>
Package pdftex.def Info: _ejemplo__037_8c__incl.pdf  used on input line 9.
(pdftex.def)             Requested size: 206.0pt x 155.00397pt.


[92]

[93]) (./_ejemplo__037_8c_source.tex

[94]

[95]) (./_ejemplo041_8c.tex <./_ejemplo041_8c__incl.pdf>
<_ejemplo041_8c__incl.pdf, id=9949, 201.75375pt x 155.58125pt>
File: _ejemplo041_8c__incl.pdf Graphic file (type pdf)
<use _ejemplo041_8c__incl.pdf>
Package pdftex.def Info: _ejemplo041_8c__incl.pdf  used on input line 8.
(pdftex.def)             Requested size: 201.0pt x 155.0016pt.


[96]) (./_ejemplo041_8c_source.tex) (./_ejemplo042_8c.tex <./_ejemplo042_8c__in
cl.pdf>
<_ejemplo042_8c__incl.pdf, id=10009, 201.75375pt x 155.58125pt>
File: _ejemplo042_8c__incl.pdf Graphic file (type pdf)
<use _ejemplo042_8c__incl.pdf>
Package pdftex.def Info: _ejemplo042_8c__incl.pdf  used on input line 9.
(pdftex.def)             Requested size: 201.0pt x 155.0016pt.


[97]) (./_ejemplo042_8c_source.tex) (./_ejemplo043_8c.tex <./_ejemplo043_8c__in
cl.pdf>
<_ejemplo043_8c__incl.pdf, id=10071, 319.1925pt x 155.58125pt>
File: _ejemplo043_8c__incl.pdf Graphic file (type pdf)
<use _ejemplo043_8c__incl.pdf>
Package pdftex.def Info: _ejemplo043_8c__incl.pdf  used on input line 11.
(pdftex.def)             Requested size: 318.0pt x 155.0016pt.


[98]) (./_ejemplo043_8c_source.tex

[99]) (./_ejemplo044_8c.tex <./_ejemplo044_8c__incl.pdf>
<_ejemplo044_8c__incl.pdf, id=10147, 257.96375pt x 155.58125pt>
File: _ejemplo044_8c__incl.pdf Graphic file (type pdf)
<use _ejemplo044_8c__incl.pdf>
Package pdftex.def Info: _ejemplo044_8c__incl.pdf  used on input line 10.
(pdftex.def)             Requested size: 257.0pt x 155.01347pt.


[100]) (./_ejemplo044_8c_source.tex

[101]) (./_ejemplo045_8c.tex <./_ejemplo045_8c__incl.pdf>
<_ejemplo045_8c__incl.pdf, id=10257, 201.75375pt x 155.58125pt>
File: _ejemplo045_8c__incl.pdf Graphic file (type pdf)
<use _ejemplo045_8c__incl.pdf>
Package pdftex.def Info: _ejemplo045_8c__incl.pdf  used on input line 9.
(pdftex.def)             Requested size: 201.0pt x 155.0016pt.


[102]) (./_ejemplo045_8c_source.tex

[103]

[104]) (./20252_2_ejemplo001_8c.tex <./20252_2_ejemplo001_8c__incl.pdf>
<20252_2_ejemplo001_8c__incl.pdf, id=10410, 201.75375pt x 155.58125pt>
File: 20252_2_ejemplo001_8c__incl.pdf Graphic file (type pdf)
<use 20252_2_ejemplo001_8c__incl.pdf>
Package pdftex.def Info: 20252_2_ejemplo001_8c__incl.pdf  used on input line 8.

(pdftex.def)             Requested size: 201.0pt x 155.0016pt.
) (./20252_2_ejemplo001_8c_source.tex) (./20261_2src_2_ejemplo001_8c.tex

[105] <./20261_2src_2_ejemplo001_8c__incl.pdf>
<20261_2src_2_ejemplo001_8c__incl.pdf, id=10458, 218.8175pt x 155.58125pt>
File: 20261_2src_2_ejemplo001_8c__incl.pdf Graphic file (type pdf)
<use 20261_2src_2_ejemplo001_8c__incl.pdf>
Package pdftex.def Info: 20261_2src_2_ejemplo001_8c__incl.pdf  used on input li
ne 13.
(pdftex.def)             Requested size: 218.0pt x 155.0016pt.
LaTeX Font Info:    Font shape `T1/phv/bc/n' will be
(Font)              scaled to size 8.99994pt on input line 28.

Underfull \hbox (badness 10000) detected at line 28
[][][]
 []


Underfull \hbox (badness 10000) detected at line 31
[][][]
 []


Underfull \hbox (badness 10000) detected at line 34
[][][]
 []


Underfull \hbox (badness 10000) detected at line 37
[][][]
 []

> Step: init table outer spec.
> Step: parse table options.
> Step: split table.
> Step: init table inner spec.
> Step: parse table inner spec.
> Step: execute table commands.
> Step: calculate cell and line sizes.
> Step: build the whole table.
> Step: init table outer spec.
> Step: parse table options.
> Step: split table.
> Step: init table inner spec.
> Step: parse table inner spec.
> Step: execute table commands.
> Step: calculate cell and line sizes.
> Step: build the whole table.


[106]
Underfull \hbox (badness 10000) detected at line 72
[][][]
 []

) (./20261_2src_2_ejemplo001_8c_source.tex) (./20252_2_ejemplo002_8c.tex <./202
52_2_ejemplo002_8c__incl.pdf>
<20252_2_ejemplo002_8c__incl.pdf, id=10493, 201.75375pt x 155.58125pt>
File: 20252_2_ejemplo002_8c__incl.pdf Graphic file (type pdf)
<use 20252_2_ejemplo002_8c__incl.pdf>
Package pdftex.def Info: 20252_2_ejemplo002_8c__incl.pdf  used on input line 8.

(pdftex.def)             Requested size: 201.0pt x 155.0016pt.


[107]) (./20252_2_ejemplo002_8c_source.tex) (./20261_2src_2_ejemplo002_8c.tex <
./20261_2src_2_ejemplo002_8c__incl.pdf>
<20261_2src_2_ejemplo002_8c__incl.pdf, id=10566, 218.8175pt x 155.58125pt>
File: 20261_2src_2_ejemplo002_8c__incl.pdf Graphic file (type pdf)
<use 20261_2src_2_ejemplo002_8c__incl.pdf>
Package pdftex.def Info: 20261_2src_2_ejemplo002_8c__incl.pdf  used on input li
ne 13.
(pdftex.def)             Requested size: 218.0pt x 155.0016pt.

Package textcomp Warning: Symbol \textrightarrow not provided by
(textcomp)                font family phv in TS1 encoding.
(textcomp)                Default family used instead on input line 20.



[108{/usr/local/texlive/2025/texmf-dist/fonts/enc/dvips/cm-super/cm-super-ts1.e
nc}]
Underfull \hbox (badness 10000) detected at line 37
[][][]
 []


Underfull \hbox (badness 10000) detected at line 45
[][][]
 []


Underfull \hbox (badness 10000) detected at line 52
[][][]
 []


Underfull \hbox (badness 10000) detected at line 55
[][][]
 []


Package textcomp Warning: Symbol \textrightarrow not provided by
(textcomp)                font family phv in TS1 encoding.
(textcomp)                Default family used instead on input line 75.

> Step: init table outer spec.
> Step: parse table options.
> Step: split table.
> Step: init table inner spec.
> Step: parse table inner spec.
> Step: execute table commands.
> Step: calculate cell and line sizes.
> Step: build the whole table.
> Step: init table outer spec.
> Step: parse table options.
> Step: split table.
> Step: init table inner spec.
> Step: parse table inner spec.
> Step: execute table commands.
> Step: calculate cell and line sizes.
> Step: build the whole table.

Underfull \hbox (badness 10000) detected at line 84
[][][]
 []

LaTeX Font Info:    Trying to load font information for TS1+pcr on input line 1
19.
(/usr/local/texlive/2025/texmf-dist/tex/latex/psnfss/ts1pcr.fd
File: ts1pcr.fd 2001/06/04 font definitions for TS1/pcr.
)

[109]) (./20261_2src_2_ejemplo002_8c_source.tex

[110]) (./20252_2_ejemplo003_8c.tex <./20252_2_ejemplo003_8c__incl.pdf>
<20252_2_ejemplo003_8c__incl.pdf, id=10671, 201.75375pt x 155.58125pt>
File: 20252_2_ejemplo003_8c__incl.pdf Graphic file (type pdf)
<use 20252_2_ejemplo003_8c__incl.pdf>
Package pdftex.def Info: 20252_2_ejemplo003_8c__incl.pdf  used on input line 9.

(pdftex.def)             Requested size: 201.0pt x 155.0016pt.
) (./20252_2_ejemplo003_8c_source.tex

[111]) (./20261_2src_2_ejemplo003_8c.tex <./20261_2src_2_ejemplo003_8c__incl.pd
f>
<20261_2src_2_ejemplo003_8c__incl.pdf, id=10713, 218.8175pt x 155.58125pt>
File: 20261_2src_2_ejemplo003_8c__incl.pdf Graphic file (type pdf)
<use 20261_2src_2_ejemplo003_8c__incl.pdf>
Package pdftex.def Info: 20261_2src_2_ejemplo003_8c__incl.pdf  used on input li
ne 13.
(pdftex.def)             Requested size: 218.0pt x 155.0016pt.

Underfull \hbox (badness 10000) detected at line 30
[][][]
 []


Underfull \hbox (badness 10000) detected at line 38
[][][]
 []



[112]
Underfull \hbox (badness 10000) detected at line 46
[][][]
 []


Underfull \hbox (badness 10000) detected at line 49
[][][]
 []


./20261_2src_2_ejemplo003_8c.tex:50: LaTeX Error: Unicode character ≤ (U+2264
)
               not set up for use with LaTeX.

See the LaTeX manual or LaTeX Companion for explanation.
Type  H <return>  for immediate help.
 ...                                              
                                                  
l.50 1 ≤
           N, M, X, Y ≤ 1e9.
You may provide a definition with
\DeclareUnicodeCharacter 


./20261_2src_2_ejemplo003_8c.tex:50: LaTeX Error: Unicode character ≤ (U+2264
)
               not set up for use with LaTeX.

See the LaTeX manual or LaTeX Companion for explanation.
Type  H <return>  for immediate help.
 ...                                              
                                                  
l.50 1 ≤ N, M, X, Y ≤
                          1e9.
You may provide a definition with
\DeclareUnicodeCharacter 


Underfull \hbox (badness 10000) detected at line 52
[][][]
 []


Underfull \hbox (badness 10000) detected at line 55
[][][]
 []

> Step: init table outer spec.
> Step: parse table options.
> Step: split table.
> Step: init table inner spec.
> Step: parse table inner spec.
> Step: execute table commands.
> Step: calculate cell and line sizes.
> Step: build the whole table.
> Step: init table outer spec.
> Step: parse table options.
> Step: split table.
> Step: init table inner spec.
> Step: parse table inner spec.
> Step: execute table commands.
> Step: calculate cell and line sizes.
> Step: build the whole table.

Underfull \hbox (badness 10000) detected at line 84
[][][]
 []



[113]) (./20261_2src_2_ejemplo003_8c_source.tex) (./20252_2_ejemplo004_8c.tex <
./20252_2_ejemplo004_8c__incl.pdf>
<20252_2_ejemplo004_8c__incl.pdf, id=10826, 201.75375pt x 155.58125pt>
File: 20252_2_ejemplo004_8c__incl.pdf Graphic file (type pdf)
<use 20252_2_ejemplo004_8c__incl.pdf>
Package pdftex.def Info: 20252_2_ejemplo004_8c__incl.pdf  used on input line 8.

(pdftex.def)             Requested size: 201.0pt x 155.0016pt.


[114]) (./20252_2_ejemplo004_8c_source.tex

[115]) (./20261_2src_2_ejemplo004_8c.tex <./20261_2src_2_ejemplo004_8c__incl.pd
f>
<20261_2src_2_ejemplo004_8c__incl.pdf, id=10906, 218.8175pt x 155.58125pt>
File: 20261_2src_2_ejemplo004_8c__incl.pdf Graphic file (type pdf)
<use 20261_2src_2_ejemplo004_8c__incl.pdf>
Package pdftex.def Info: 20261_2src_2_ejemplo004_8c__incl.pdf  used on input li
ne 13.
(pdftex.def)             Requested size: 218.0pt x 155.0016pt.

Underfull \hbox (badness 10000) detected at line 34
[][][]
 []


Underfull \hbox (badness 10000) detected at line 42
[][][]
 []



[116]
Underfull \hbox (badness 10000) detected at line 45
[][][]
 []


./20261_2src_2_ejemplo004_8c.tex:46: LaTeX Error: Unicode character ≤ (U+2264
)
               not set up for use with LaTeX.

See the LaTeX manual or LaTeX Companion for explanation.
Type  H <return>  for immediate help.
 ...                                              
                                                  
l.46 1 ≤
           N ≤ 1e5, 0 ≤ R,K ≤ N.
You may provide a definition with
\DeclareUnicodeCharacter 


./20261_2src_2_ejemplo004_8c.tex:46: LaTeX Error: Unicode character ≤ (U+2264
)
               not set up for use with LaTeX.

See the LaTeX manual or LaTeX Companion for explanation.
Type  H <return>  for immediate help.
 ...                                              
                                                  
l.46 1 ≤ N ≤
                 1e5, 0 ≤ R,K ≤ N.
You may provide a definition with
\DeclareUnicodeCharacter 


./20261_2src_2_ejemplo004_8c.tex:46: LaTeX Error: Unicode character ≤ (U+2264
)
               not set up for use with LaTeX.

See the LaTeX manual or LaTeX Companion for explanation.
Type  H <return>  for immediate help.
 ...                                              
                                                  
l.46 1 ≤ N ≤ 1e5, 0 ≤
                            R,K ≤ N.
You may provide a definition with
\DeclareUnicodeCharacter 


./20261_2src_2_ejemplo004_8c.tex:46: LaTeX Error: Unicode character ≤ (U+2264
)
               not set up for use with LaTeX.

See the LaTeX manual or LaTeX Companion for explanation.
Type  H <return>  for immediate help.
 ...                                              
                                                  
l.46 1 ≤ N ≤ 1e5, 0 ≤ R,K ≤
                                    N.
You may provide a definition with
\DeclareUnicodeCharacter 


Underfull \hbox (badness 10000) detected at line 48
[][][]
 []

> Step: init table outer spec.
> Step: parse table options.
> Step: split table.
> Step: init table inner spec.
> Step: parse table inner spec.
> Step: execute table commands.
> Step: calculate cell and line sizes.
> Step: build the whole table.
> Step: init table outer spec.
> Step: parse table options.
> Step: split table.
> Step: init table inner spec.
> Step: parse table inner spec.
> Step: execute table commands.
> Step: calculate cell and line sizes.
> Step: build the whole table.

Underfull \hbox (badness 10000) detected at line 77
[][][]
 []

) (./20261_2src_2_ejemplo004_8c_source.tex

[117]) (./20252_2_ejemplo005_8c.tex <./20252_2_ejemplo005_8c__incl.pdf>
<20252_2_ejemplo005_8c__incl.pdf, id=10990, 201.75375pt x 155.58125pt>
File: 20252_2_ejemplo005_8c__incl.pdf Graphic file (type pdf)
<use 20252_2_ejemplo005_8c__incl.pdf>
Package pdftex.def Info: 20252_2_ejemplo005_8c__incl.pdf  used on input line 8.

(pdftex.def)             Requested size: 201.0pt x 155.0016pt.


[118]) (./20252_2_ejemplo005_8c_source.tex) (./20261_2src_2_ejemplo005_8c.tex <
./20261_2src_2_ejemplo005_8c__incl.pdf>
<20261_2src_2_ejemplo005_8c__incl.pdf, id=11054, 218.8175pt x 155.58125pt>
File: 20261_2src_2_ejemplo005_8c__incl.pdf Graphic file (type pdf)
<use 20261_2src_2_ejemplo005_8c__incl.pdf>
Package pdftex.def Info: 20261_2src_2_ejemplo005_8c__incl.pdf  used on input li
ne 14.
(pdftex.def)             Requested size: 218.0pt x 155.0016pt.


[119]

./20261_2src_2_ejemplo005_8c.tex:27: LaTeX Error: Unicode character Δ (U+0394)

               not set up for use with LaTeX.

See the LaTeX manual or LaTeX Companion for explanation.
Type  H <return>  for immediate help.
 ...                                              
                                                  
l.27 ... b x + c = 0 usando el discriminante:\+ Δ
                                                   = b\texorpdfstring{$^\wed...

You may provide a definition with
\DeclareUnicodeCharacter 


./20261_2src_2_ejemplo005_8c.tex:31: LaTeX Error: Unicode character Δ (U+0394)

               not set up for use with LaTeX.

See the LaTeX manual or LaTeX Companion for explanation.
Type  H <return>  for immediate help.
 ...                                              
                                                  
l.31 \item Δ
              \texorpdfstring{$>$}{>} 0:\+ dos raíces reales distintas
You may provide a definition with
\DeclareUnicodeCharacter 


./20261_2src_2_ejemplo005_8c.tex:32: LaTeX Error: Unicode character Δ (U+0394)

               not set up for use with LaTeX.

See the LaTeX manual or LaTeX Companion for explanation.
Type  H <return>  for immediate help.
 ...                                              
                                                  
l.32 \item Δ
              = 0:\+ una raíz real doble
You may provide a definition with
\DeclareUnicodeCharacter 


./20261_2src_2_ejemplo005_8c.tex:33: LaTeX Error: Unicode character Δ (U+0394)

               not set up for use with LaTeX.

See the LaTeX manual or LaTeX Companion for explanation.
Type  H <return>  for immediate help.
 ...                                              
                                                  
l.33 \item Δ
              \texorpdfstring{$<$}{<} 0:\+ dos raíces complejas conjugadas
You may provide a definition with
\DeclareUnicodeCharacter 


./20261_2src_2_ejemplo005_8c.tex:36: LaTeX Error: Unicode character Δ (U+0394)

               not set up for use with LaTeX.

See the LaTeX manual or LaTeX Companion for explanation.
Type  H <return>  for immediate help.
 ...                                              
                                                  
l.36 Para Δ
             \texorpdfstring{$<$}{<} 0:\+ sqrt(Δ) = i\texorpdfstring{$\ast$...

You may provide a definition with
\DeclareUnicodeCharacter 


./20261_2src_2_ejemplo005_8c.tex:36: LaTeX Error: Unicode character Δ (U+0394)

               not set up for use with LaTeX.

See the LaTeX manual or LaTeX Companion for explanation.
Type  H <return>  for immediate help.
 ...                                              
                                                  
l.36 Para Δ \texorpdfstring{$<$}{<} 0:\+ sqrt(Δ
                                                 ) = i\texorpdfstring{$\ast$...

You may provide a definition with
\DeclareUnicodeCharacter 


./20261_2src_2_ejemplo005_8c.tex:36: LaTeX Error: Unicode character Δ (U+0394)

               not set up for use with LaTeX.

See the LaTeX manual or LaTeX Companion for explanation.
Type  H <return>  for immediate help.
 ...                                              
                                                  
l.36 ...�) = i\texorpdfstring{$\ast$}{*}sqrt(-\/Δ
                                                  ) y las raíces se expresa...

You may provide a definition with
\DeclareUnicodeCharacter 


./20261_2src_2_ejemplo005_8c.tex:36: LaTeX Error: Unicode character Δ (U+0394)

               not set up for use with LaTeX.

See the LaTeX manual or LaTeX Companion for explanation.
Type  H <return>  for immediate help.
 ...                                              
                                                  
l.36 ...b ± i\texorpdfstring{$\ast$}{*}sqrt(-\/Δ
                                                  )) /\+ (2a)
You may provide a definition with
\DeclareUnicodeCharacter 


Underfull \hbox (badness 10000) detected at line 38
[][][]
 []


Underfull \hbox (badness 10000) detected at line 41
[][][]
 []


Underfull \hbox (badness 10000) detected at line 44
[][][]
 []


Underfull \hbox (badness 10000) detected at line 47
[][][]
 []

> Step: init table outer spec.
> Step: parse table options.
> Step: split table.
> Step: init table inner spec.
> Step: parse table inner spec.
> Step: execute table commands.
> Step: calculate cell and line sizes.
> Step: build the whole table.
> Step: init table outer spec.
> Step: parse table options.
> Step: split table.
> Step: init table inner spec.
> Step: parse table inner spec.
> Step: execute table commands.
> Step: calculate cell and line sizes.
> Step: build the whole table.

Underfull \hbox (badness 10000) detected at line 76
[][][]
 []


./20261_2src_2_ejemplo005_8c.tex:90: LaTeX Error: Unicode character Δ (U+0394)

               not set up for use with LaTeX.

See the LaTeX manual or LaTeX Companion for explanation.
Type  H <return>  for immediate help.
 ...                                              
                                                  
l.90 ...color{comment}{/*\ discriminante\ Δ\ */}}
                                                  
You may provide a definition with
\DeclareUnicodeCharacter 



[120]

./20261_2src_2_ejemplo005_8c.tex:102: LaTeX Error: Unicode character Δ (U+0394
)
               not set up for use with LaTeX.

See the LaTeX manual or LaTeX Companion for explanation.
Type  H <return>  for immediate help.
 ...                                              
                                                  
l.102 ...nt}{/*\ Δ\ =\ b\string^2\ -\/\ 4ac\ */}}
                                                  
You may provide a definition with
\DeclareUnicodeCharacter 


./20261_2src_2_ejemplo005_8c.tex:106: LaTeX Error: Unicode character Δ (U+0394
)
               not set up for use with LaTeX.

See the LaTeX manual or LaTeX Companion for explanation.
Type  H <return>  for immediate help.
 ...                                              
                                                  
l.106 ...r{comment}{\ \ \ \ \ \ Para\ Δ\ >=\ 0:}}
                                                  
You may provide a definition with
\DeclareUnicodeCharacter 


./20261_2src_2_ejemplo005_8c.tex:107: LaTeX Error: Unicode character Δ (U+0394
)
               not set up for use with LaTeX.

See the LaTeX manual or LaTeX Companion for explanation.
Type  H <return>  for immediate help.
 ...                                              
                                                  
l.107 ...rt(Δ))\ /\ (2a),\ parte\ imaginaria\ 0}}
                                                  
You may provide a definition with
\DeclareUnicodeCharacter 


./20261_2src_2_ejemplo005_8c.tex:108: LaTeX Error: Unicode character Δ (U+0394
)
               not set up for use with LaTeX.

See the LaTeX manual or LaTeX Companion for explanation.
Type  H <return>  for immediate help.
 ...                                              
                                                  
l.108 ...rt(Δ))\ /\ (2a),\ parte\ imaginaria\ 0}}
                                                  
You may provide a definition with
\DeclareUnicodeCharacter 


./20261_2src_2_ejemplo005_8c.tex:110: LaTeX Error: Unicode character Δ (U+0394
)
               not set up for use with LaTeX.

See the LaTeX manual or LaTeX Companion for explanation.
Type  H <return>  for immediate help.
 ...                                              
                                                  
l.110 ...or{comment}{\ \ \ \ \ \ Para\ Δ\ <\ 0:}}
                                                  
You may provide a definition with
\DeclareUnicodeCharacter 


./20261_2src_2_ejemplo005_8c.tex:112: LaTeX Error: Unicode character Δ (U+0394
)
               not set up for use with LaTeX.

See the LaTeX manual or LaTeX Companion for explanation.
Type  H <return>  for immediate help.
 ...                                              
                                                  
l.112 ... \ \ parte\ imag:\ ±\ sqrt(-\/Δ)/(2a)}}
                                                  
You may provide a definition with
\DeclareUnicodeCharacter 

) (./20261_2src_2_ejemplo005_8c_source.tex

./20261_2src_2_ejemplo005_8c_source.tex:16: LaTeX Error: Unicode character Δ (
U+0394)
               not set up for use with LaTeX.

See the LaTeX manual or LaTeX Companion for explanation.
Type  H <return>  for immediate help.
 ...                                              
                                                  
l.16 ...color{comment}{/*\ discriminante\ Δ\ */}}
                                                  
You may provide a definition with
\DeclareUnicodeCharacter 


./20261_2src_2_ejemplo005_8c_source.tex:28: LaTeX Error: Unicode character Δ (
U+0394)
               not set up for use with LaTeX.

See the LaTeX manual or LaTeX Companion for explanation.
Type  H <return>  for immediate help.
 ...                                              
                                                  
l.28 ...ent}{/*\ Δ\ =\ b\string^2\ -\/\ 4ac\ */}}
                                                  
You may provide a definition with
\DeclareUnicodeCharacter 


./20261_2src_2_ejemplo005_8c_source.tex:32: LaTeX Error: Unicode character Δ (
U+0394)
               not set up for use with LaTeX.

See the LaTeX manual or LaTeX Companion for explanation.
Type  H <return>  for immediate help.
 ...                                              
                                                  
l.32 ...or{comment}{\ \ \ \ \ \ Para\ Δ\ >=\ 0:}}
                                                  
You may provide a definition with
\DeclareUnicodeCharacter 


./20261_2src_2_ejemplo005_8c_source.tex:33: LaTeX Error: Unicode character Δ (
U+0394)
               not set up for use with LaTeX.

See the LaTeX manual or LaTeX Companion for explanation.
Type  H <return>  for immediate help.
 ...                                              
                                                  
l.33 ...qrt(Δ))\ /\ (2a),\ parte\ imaginaria\ 0}}
                                                  
You may provide a definition with
\DeclareUnicodeCharacter 


./20261_2src_2_ejemplo005_8c_source.tex:34: LaTeX Error: Unicode character Δ (
U+0394)
               not set up for use with LaTeX.

See the LaTeX manual or LaTeX Companion for explanation.
Type  H <return>  for immediate help.
 ...                                              
                                                  
l.34 ...qrt(Δ))\ /\ (2a),\ parte\ imaginaria\ 0}}
                                                  
You may provide a definition with
\DeclareUnicodeCharacter 


./20261_2src_2_ejemplo005_8c_source.tex:36: LaTeX Error: Unicode character Δ (
U+0394)
               not set up for use with LaTeX.

See the LaTeX manual or LaTeX Companion for explanation.
Type  H <return>  for immediate help.
 ...                                              
                                                  
l.36 ...lor{comment}{\ \ \ \ \ \ Para\ Δ\ <\ 0:}}
                                                  
You may provide a definition with
\DeclareUnicodeCharacter 


./20261_2src_2_ejemplo005_8c_source.tex:38: LaTeX Error: Unicode character Δ (
U+0394)
               not set up for use with LaTeX.

See the LaTeX manual or LaTeX Companion for explanation.
Type  H <return>  for immediate help.
 ...                                              
                                                  
l.38 ...\ \ \ parte\ imag:\ ±\ sqrt(-\/Δ)/(2a)}}
                                                  
You may provide a definition with
\DeclareUnicodeCharacter 

) (./20252_2_ejemplo006_8c.tex <./20252_2_ejemplo006_8c__incl.pdf>
<20252_2_ejemplo006_8c__incl.pdf, id=11117, 201.75375pt x 155.58125pt>
File: 20252_2_ejemplo006_8c__incl.pdf Graphic file (type pdf)
<use 20252_2_ejemplo006_8c__incl.pdf>
Package pdftex.def Info: 20252_2_ejemplo006_8c__incl.pdf  used on input line 8.

(pdftex.def)             Requested size: 201.0pt x 155.0016pt.


[121]) (./20252_2_ejemplo006_8c_source.tex

[122]) (./20261_2src_2_ejemplo006_8c.tex <./20261_2src_2_ejemplo006_8c__incl.pd
f>
<20261_2src_2_ejemplo006_8c__incl.pdf, id=11210, 218.8175pt x 155.58125pt>
File: 20261_2src_2_ejemplo006_8c__incl.pdf Graphic file (type pdf)
<use 20261_2src_2_ejemplo006_8c__incl.pdf>
Package pdftex.def Info: 20261_2src_2_ejemplo006_8c__incl.pdf  used on input li
ne 13.
(pdftex.def)             Requested size: 218.0pt x 155.0016pt.

Underfull \hbox (badness 10000) detected at line 32
[][][]
 []


Underfull \hbox (badness 10000) detected at line 41
[][][]
 []


Underfull \hbox (badness 10000) detected at line 44
[][][]
 []


Underfull \hbox (badness 10000) detected at line 50
[][][]
 []



[123]
Underfull \hbox (badness 10000) detected at line 53
[][][]
 []

> Step: init table outer spec.
> Step: parse table options.
> Step: split table.
> Step: init table inner spec.
> Step: parse table inner spec.
> Step: execute table commands.
> Step: calculate cell and line sizes.
> Step: build the whole table.
> Step: init table outer spec.
> Step: parse table options.
> Step: split table.
> Step: init table inner spec.
> Step: parse table inner spec.
> Step: execute table commands.
> Step: calculate cell and line sizes.
> Step: build the whole table.

Underfull \hbox (badness 10000) detected at line 82
[][][]
 []



[124]) (./20261_2src_2_ejemplo006_8c_source.tex

[125]

[126]) (./20252_2_ejemplo007_8c.tex <./20252_2_ejemplo007_8c__incl.pdf>
<20252_2_ejemplo007_8c__incl.pdf, id=11370, 201.75375pt x 155.58125pt>
File: 20252_2_ejemplo007_8c__incl.pdf Graphic file (type pdf)
<use 20252_2_ejemplo007_8c__incl.pdf>
Package pdftex.def Info: 20252_2_ejemplo007_8c__incl.pdf  used on input line 8.

(pdftex.def)             Requested size: 201.0pt x 155.0016pt.
 <./20252_2_ejemplo007_8c_a0ddf1224851353fc92bfbff6f499fa97_cgraph.pdf>
<20252_2_ejemplo007_8c_a0ddf1224851353fc92bfbff6f499fa97_cgraph.pdf, id=11392, 
182.6825pt x 117.43875pt>
File: 20252_2_ejemplo007_8c_a0ddf1224851353fc92bfbff6f499fa97_cgraph.pdf Graphi
c file (type pdf)
<use 20252_2_ejemplo007_8c_a0ddf1224851353fc92bfbff6f499fa97_cgraph.pdf>
Package pdftex.def Info: 20252_2_ejemplo007_8c_a0ddf1224851353fc92bfbff6f499fa9
7_cgraph.pdf  used on input line 56.
(pdftex.def)             Requested size: 182.0pt x 117.00478pt.
) (./20252_2_ejemplo007_8c_source.tex

[127]) (./20261_2src_2_ejemplo007_8c.tex <./20261_2src_2_ejemplo007_8c__incl.pd
f>
<20261_2src_2_ejemplo007_8c__incl.pdf, id=11430, 218.8175pt x 155.58125pt>
File: 20261_2src_2_ejemplo007_8c__incl.pdf Graphic file (type pdf)
<use 20261_2src_2_ejemplo007_8c__incl.pdf>
Package pdftex.def Info: 20261_2src_2_ejemplo007_8c__incl.pdf  used on input li
ne 13.
(pdftex.def)             Requested size: 218.0pt x 155.0016pt.


[128]
Underfull \hbox (badness 10000) detected at line 36
[][][]
 []


Underfull \hbox (badness 10000) detected at line 39
[][][]
 []


Underfull \hbox (badness 10000) detected at line 47
[][][]
 []


Underfull \hbox (badness 10000) detected at line 50
[][][]
 []

> Step: init table outer spec.
> Step: parse table options.
> Step: split table.
> Step: init table inner spec.
> Step: parse table inner spec.
> Step: execute table commands.
> Step: calculate cell and line sizes.
> Step: build the whole table.
> Step: init table outer spec.
> Step: parse table options.
> Step: split table.
> Step: init table inner spec.
> Step: parse table inner spec.
> Step: execute table commands.
> Step: calculate cell and line sizes.
> Step: build the whole table.

Underfull \hbox (badness 10000) detected at line 79
[][][]
 []



[129]) (./20261_2src_2_ejemplo007_8c_source.tex) (./20252_2_ejemplo008_8c.tex <
./20252_2_ejemplo008_8c__incl.pdf>
<20252_2_ejemplo008_8c__incl.pdf, id=11490, 201.75375pt x 155.58125pt>
File: 20252_2_ejemplo008_8c__incl.pdf Graphic file (type pdf)
<use 20252_2_ejemplo008_8c__incl.pdf>
Package pdftex.def Info: 20252_2_ejemplo008_8c__incl.pdf  used on input line 8.

(pdftex.def)             Requested size: 201.0pt x 155.0016pt.


[130] <./20252_2_ejemplo008_8c_a0ddf1224851353fc92bfbff6f499fa97_cgraph.pdf>
<20252_2_ejemplo008_8c_a0ddf1224851353fc92bfbff6f499fa97_cgraph.pdf, id=11557, 
182.6825pt x 117.43875pt>
File: 20252_2_ejemplo008_8c_a0ddf1224851353fc92bfbff6f499fa97_cgraph.pdf Graphi
c file (type pdf)
<use 20252_2_ejemplo008_8c_a0ddf1224851353fc92bfbff6f499fa97_cgraph.pdf>
Package pdftex.def Info: 20252_2_ejemplo008_8c_a0ddf1224851353fc92bfbff6f499fa9
7_cgraph.pdf  used on input line 59.
(pdftex.def)             Requested size: 182.0pt x 117.00478pt.
) (./20252_2_ejemplo008_8c_source.tex

[131]) (./20261_2src_2_ejemplo008_8c.tex

./20261_2src_2_ejemplo008_8c.tex:5: LaTeX Error: Unicode character π (U+03C0)
               not set up for use with LaTeX.

See the LaTeX manual or LaTeX Companion for explanation.
Type  H <return>  for immediate help.
 ...                                              
                                                  
l.5 Aproximación de π
                        mediante la serie de Leibniz.
You may provide a definition with
\DeclareUnicodeCharacter 

 <./20261_2src_2_ejemplo008_8c__incl.pdf>
<20261_2src_2_ejemplo008_8c__incl.pdf, id=11593, 218.8175pt x 155.58125pt>
File: 20261_2src_2_ejemplo008_8c__incl.pdf Graphic file (type pdf)
<use 20261_2src_2_ejemplo008_8c__incl.pdf>
Package pdftex.def Info: 20261_2src_2_ejemplo008_8c__incl.pdf  used on input li
ne 13.
(pdftex.def)             Requested size: 218.0pt x 155.0016pt.

./20261_2src_2_ejemplo008_8c.tex:20: LaTeX Error: Unicode character π (U+03C0)

               not set up for use with LaTeX.

See the LaTeX manual or LaTeX Companion for explanation.
Type  H <return>  for immediate help.
 ...                                              
                                                  
l.20 ...e entrada. Calcula una aproximación de π
                                                   con n términos. \end{Dox...

You may provide a definition with
\DeclareUnicodeCharacter 


./20261_2src_2_ejemplo008_8c.tex:24: LaTeX Error: Unicode character π (U+03C0)

               not set up for use with LaTeX.

See the LaTeX manual or LaTeX Companion for explanation.
Type  H <return>  for immediate help.
 ...                                              
                                                  
l.24 Aproximación de π
                         mediante la serie de Leibniz.
You may provide a definition with
\DeclareUnicodeCharacter 


./20261_2src_2_ejemplo008_8c.tex:26: LaTeX Error: Unicode character π (U+03C0)

               not set up for use with LaTeX.

See the LaTeX manual or LaTeX Companion for explanation.
Type  H <return>  for immediate help.
 ...                                              
                                                  
l.26 Usa la serie:\+ π
                       /\+4 = 1 -\/ 1/\+3 + 1/\+5 -\/ 1/\+7 + ...
You may provide a definition with
\DeclareUnicodeCharacter 


./20261_2src_2_ejemplo008_8c.tex:28: LaTeX Error: Unicode character π (U+03C0)

               not set up for use with LaTeX.

See the LaTeX manual or LaTeX Companion for explanation.
Type  H <return>  for immediate help.
 ...                                              
                                                  
l.28 Con n términos:\+ π
                           ≈ 4 \texorpdfstring{$\ast$}{*} sum\+\_\+\{i=0\}...

You may provide a definition with
\DeclareUnicodeCharacter 


./20261_2src_2_ejemplo008_8c.tex:28: LaTeX Error: Unicode character ≈ (U+2248
)
               not set up for use with LaTeX.

See the LaTeX manual or LaTeX Companion for explanation.
Type  H <return>  for immediate help.
 ...                                              
                                                  
l.28 Con n términos:\+ π ≈
                               4 \texorpdfstring{$\ast$}{*} sum\+\_\+\{i=0\}...

You may provide a definition with
\DeclareUnicodeCharacter 


Underfull \hbox (badness 10000) detected at line 30
[][][]
 []


Underfull \hbox (badness 10000) detected at line 33
[][][]
 []



[132]
Underfull \hbox (badness 10000) detected at line 41
[][][]
 []


Underfull \hbox (badness 10000) detected at line 44
[][][]
 []


./20261_2src_2_ejemplo008_8c.tex:64: LaTeX Error: Unicode character π (U+03C0)

               not set up for use with LaTeX.

See the LaTeX manual or LaTeX Companion for explanation.
Type  H <return>  for immediate help.
 ...                                              
                                                  
l.64 ...e entrada. Calcula una aproximación de π
                                                   con n términos.
You may provide a definition with
\DeclareUnicodeCharacter 

> Step: init table outer spec.
> Step: parse table options.
> Step: split table.
> Step: init table inner spec.
> Step: parse table inner spec.
> Step: execute table commands.
> Step: calculate cell and line sizes.
> Step: build the whole table.
> Step: init table outer spec.
> Step: parse table options.
> Step: split table.
> Step: init table inner spec.
> Step: parse table inner spec.
> Step: execute table commands.
> Step: calculate cell and line sizes.
> Step: build the whole table.

Underfull \hbox (badness 10000) detected at line 73
[][][]
 []


./20261_2src_2_ejemplo008_8c.tex:86: LaTeX Error: Unicode character π (U+03C0)

               not set up for use with LaTeX.

See the LaTeX manual or LaTeX Companion for explanation.
Type  H <return>  for immediate help.
 ...                                              
                                                  
l.86 ...or{comment}{/*\ acumulador\ para\ π\ */}}
                                                  
You may provide a definition with
\DeclareUnicodeCharacter 


./20261_2src_2_ejemplo008_8c.tex:100: LaTeX Error: Unicode character π (U+03C0
)
               not set up for use with LaTeX.

See the LaTeX manual or LaTeX Companion for explanation.
Type  H <return>  for immediate help.
 ...                                              
                                                  
l.100 ...\ π/4\ antes\ de\ multiplicar\ por\ 4)}}
                                                  
You may provide a definition with
\DeclareUnicodeCharacter 


./20261_2src_2_ejemplo008_8c.tex:109: LaTeX Error: Unicode character π (U+03C0
)
               not set up for use with LaTeX.

See the LaTeX manual or LaTeX Companion for explanation.
Type  H <return>  for immediate help.
 ...                                              
                                                  
l.109 ...tcolor{comment}{/*\ π\ =\ 4*(π/4)\ */}}
                                                  
You may provide a definition with
\DeclareUnicodeCharacter 


./20261_2src_2_ejemplo008_8c.tex:109: LaTeX Error: Unicode character π (U+03C0
)
               not set up for use with LaTeX.

See the LaTeX manual or LaTeX Companion for explanation.
Type  H <return>  for immediate help.
 ...                                              
                                                  
l.109 ...tcolor{comment}{/*\ π\ =\ 4*(π/4)\ */}}
                                                  
You may provide a definition with
\DeclareUnicodeCharacter 

) (./20261_2src_2_ejemplo008_8c_source.tex

[133]

./20261_2src_2_ejemplo008_8c_source.tex:14: LaTeX Error: Unicode character π (
U+03C0)
               not set up for use with LaTeX.

See the LaTeX manual or LaTeX Companion for explanation.
Type  H <return>  for immediate help.
 ...                                              
                                                  
l.14 ...or{comment}{/*\ acumulador\ para\ π\ */}}
                                                  
You may provide a definition with
\DeclareUnicodeCharacter 


./20261_2src_2_ejemplo008_8c_source.tex:28: LaTeX Error: Unicode character π (
U+03C0)
               not set up for use with LaTeX.

See the LaTeX manual or LaTeX Companion for explanation.
Type  H <return>  for immediate help.
 ...                                              
                                                  
l.28 ...e\ π/4\ antes\ de\ multiplicar\ por\ 4)}}
                                                  
You may provide a definition with
\DeclareUnicodeCharacter 


./20261_2src_2_ejemplo008_8c_source.tex:37: LaTeX Error: Unicode character π (
U+03C0)
               not set up for use with LaTeX.

See the LaTeX manual or LaTeX Companion for explanation.
Type  H <return>  for immediate help.
 ...                                              
                                                  
l.37 ...xtcolor{comment}{/*\ π\ =\ 4*(π/4)\ */}}
                                                  
You may provide a definition with
\DeclareUnicodeCharacter 


./20261_2src_2_ejemplo008_8c_source.tex:37: LaTeX Error: Unicode character π (
U+03C0)
               not set up for use with LaTeX.

See the LaTeX manual or LaTeX Companion for explanation.
Type  H <return>  for immediate help.
 ...                                              
                                                  
l.37 ...xtcolor{comment}{/*\ π\ =\ 4*(π/4)\ */}}
                                                  
You may provide a definition with
\DeclareUnicodeCharacter 

) (./20252_2_ejemplo009_8c.tex <./20252_2_ejemplo009_8c__incl.pdf>
<20252_2_ejemplo009_8c__incl.pdf, id=11653, 201.75375pt x 155.58125pt>
File: 20252_2_ejemplo009_8c__incl.pdf Graphic file (type pdf)
<use 20252_2_ejemplo009_8c__incl.pdf>
Package pdftex.def Info: 20252_2_ejemplo009_8c__incl.pdf  used on input line 8.

(pdftex.def)             Requested size: 201.0pt x 155.0016pt.


[134]) (./20252_2_ejemplo009_8c_source.tex) (./20261_2src_2_ejemplo009_8c.tex <
./20261_2src_2_ejemplo009_8c__incl.pdf>
<20261_2src_2_ejemplo009_8c__incl.pdf, id=11719, 218.8175pt x 155.58125pt>
File: 20261_2src_2_ejemplo009_8c__incl.pdf Graphic file (type pdf)
<use 20261_2src_2_ejemplo009_8c__incl.pdf>
Package pdftex.def Info: 20261_2src_2_ejemplo009_8c__incl.pdf  used on input li
ne 13.
(pdftex.def)             Requested size: 218.0pt x 155.0016pt.


[135]

./20261_2src_2_ejemplo009_8c.tex:26: LaTeX Error: Unicode character ∞ (U+221E
)
               not set up for use with LaTeX.

See the LaTeX manual or LaTeX Companion for explanation.
Type  H <return>  for immediate help.
 ...                                              
                                                  
l.26 ...}\texorpdfstring{$^\wedge$}{\string^}\{∞
                                                  \} x\texorpdfstring{$^\wed...

You may provide a definition with
\DeclareUnicodeCharacter 


./20261_2src_2_ejemplo009_8c.tex:28: LaTeX Error: Unicode character ≈ (U+2248
)
               not set up for use with LaTeX.

See the LaTeX manual or LaTeX Companion for explanation.
Type  H <return>  for immediate help.
 ...                                              
                                                  
l.28 ...ama aproxima con n términos:\+ exp(x) ≈
                                                   sum\+\_\+\{i=0\}\texorpdf...

You may provide a definition with
\DeclareUnicodeCharacter 


Underfull \hbox (badness 10000) detected at line 36
[][][]
 []


Underfull \hbox (badness 10000) detected at line 43
[][][]
 []


Underfull \hbox (badness 10000) detected at line 51
[][][]
 []


Underfull \hbox (badness 10000) detected at line 54
[][][]
 []

> Step: init table outer spec.
> Step: parse table options.
> Step: split table.
> Step: init table inner spec.
> Step: parse table inner spec.
> Step: execute table commands.
> Step: calculate cell and line sizes.
> Step: build the whole table.
> Step: init table outer spec.
> Step: parse table options.
> Step: split table.
> Step: init table inner spec.
> Step: parse table inner spec.
> Step: execute table commands.
> Step: calculate cell and line sizes.
> Step: build the whole table.

Underfull \hbox (badness 10000) detected at line 83
[][][]
 []



[136]) (./20261_2src_2_ejemplo009_8c_source.tex

[137]) (./20252_2_ejemplo010_8c.tex <./20252_2_ejemplo010_8c__incl.pdf>
<20252_2_ejemplo010_8c__incl.pdf, id=11818, 201.75375pt x 155.58125pt>
File: 20252_2_ejemplo010_8c__incl.pdf Graphic file (type pdf)
<use 20252_2_ejemplo010_8c__incl.pdf>
Package pdftex.def Info: 20252_2_ejemplo010_8c__incl.pdf  used on input line 8.

(pdftex.def)             Requested size: 201.0pt x 155.0016pt.
 <./20252_2_ejemplo010_8c_a0ddf1224851353fc92bfbff6f499fa97_cgraph.pdf>
<20252_2_ejemplo010_8c_a0ddf1224851353fc92bfbff6f499fa97_cgraph.pdf, id=11840, 
182.6825pt x 117.43875pt>
File: 20252_2_ejemplo010_8c_a0ddf1224851353fc92bfbff6f499fa97_cgraph.pdf Graphi
c file (type pdf)
<use 20252_2_ejemplo010_8c_a0ddf1224851353fc92bfbff6f499fa97_cgraph.pdf>
Package pdftex.def Info: 20252_2_ejemplo010_8c_a0ddf1224851353fc92bfbff6f499fa9
7_cgraph.pdf  used on input line 57.
(pdftex.def)             Requested size: 182.0pt x 117.00478pt.
) (./20252_2_ejemplo010_8c_source.tex

[138]) (./20261_2src_2_ejemplo010_8c.tex <./20261_2src_2_ejemplo010_8c__incl.pd
f>
<20261_2src_2_ejemplo010_8c__incl.pdf, id=11890, 218.8175pt x 155.58125pt>
File: 20261_2src_2_ejemplo010_8c__incl.pdf Graphic file (type pdf)
<use 20261_2src_2_ejemplo010_8c__incl.pdf>
Package pdftex.def Info: 20261_2src_2_ejemplo010_8c__incl.pdf  used on input li
ne 13.
(pdftex.def)             Requested size: 218.0pt x 155.0016pt.


[139]

./20261_2src_2_ejemplo010_8c.tex:26: LaTeX Error: Unicode character ∞ (U+221E
)
               not set up for use with LaTeX.

See the LaTeX manual or LaTeX Companion for explanation.
Type  H <return>  for immediate help.
 ...                                              
                                                  
l.26 ...}\texorpdfstring{$^\wedge$}{\string^}\{∞
                                                  \} x\texorpdfstring{$^\wed...

You may provide a definition with
\DeclareUnicodeCharacter 


./20261_2src_2_ejemplo010_8c.tex:28: LaTeX Error: Unicode character Π (U+03A0)

               not set up for use with LaTeX.

See the LaTeX manual or LaTeX Companion for explanation.
Type  H <return>  for immediate help.
 ...                                              
                                                  
l.28 ...o calcula cada término i como:\+ fct = Π
                                                  \+\_\+\{j=0\}\texorpdfstri...

You may provide a definition with
\DeclareUnicodeCharacter 


Underfull \hbox (badness 10000) detected at line 30
[][][]
 []


Underfull \hbox (badness 10000) detected at line 37
[][][]
 []


Underfull \hbox (badness 10000) detected at line 45
[][][]
 []


Underfull \hbox (badness 10000) detected at line 48
[][][]
 []

> Step: init table outer spec.
> Step: parse table options.
> Step: split table.
> Step: init table inner spec.
> Step: parse table inner spec.
> Step: execute table commands.
> Step: calculate cell and line sizes.
> Step: build the whole table.
> Step: init table outer spec.
> Step: parse table options.
> Step: split table.
> Step: init table inner spec.
> Step: parse table inner spec.
> Step: execute table commands.
> Step: calculate cell and line sizes.
> Step: build the whole table.

Underfull \hbox (badness 10000) detected at line 77
[][][]
 []



[140] <./20261_2src_2_ejemplo010_8c_a0ddf1224851353fc92bfbff6f499fa97_cgraph.pd
f>
<20261_2src_2_ejemplo010_8c_a0ddf1224851353fc92bfbff6f499fa97_cgraph.pdf, id=11
952, 182.6825pt x 117.43875pt>
File: 20261_2src_2_ejemplo010_8c_a0ddf1224851353fc92bfbff6f499fa97_cgraph.pdf G
raphic file (type pdf)
<use 20261_2src_2_ejemplo010_8c_a0ddf1224851353fc92bfbff6f499fa97_cgraph.pdf>
Package pdftex.def Info: 20261_2src_2_ejemplo010_8c_a0ddf1224851353fc92bfbff6f4
99fa97_cgraph.pdf  used on input line 125.
(pdftex.def)             Requested size: 182.0pt x 117.00478pt.
) (./20261_2src_2_ejemplo010_8c_source.tex) (./20252_2_ejemplo011_8c.tex <./202
52_2_ejemplo011_8c__incl.pdf>
<20252_2_ejemplo011_8c__incl.pdf, id=11974, 251.94125pt x 155.58125pt>
File: 20252_2_ejemplo011_8c__incl.pdf Graphic file (type pdf)
<use 20252_2_ejemplo011_8c__incl.pdf>
Package pdftex.def Info: 20252_2_ejemplo011_8c__incl.pdf  used on input line 10
.
(pdftex.def)             Requested size: 251.0pt x 155.0016pt.


[141]) (./20252_2_ejemplo011_8c_source.tex

[142]) (./20261_2src_2_ejemplo011_8c.tex <./20261_2src_2_ejemplo011_8c__incl.pd
f>
<20261_2src_2_ejemplo011_8c__incl.pdf, id=12113, 218.8175pt x 155.58125pt>
File: 20261_2src_2_ejemplo011_8c__incl.pdf Graphic file (type pdf)
<use 20261_2src_2_ejemplo011_8c__incl.pdf>
Package pdftex.def Info: 20261_2src_2_ejemplo011_8c__incl.pdf  used on input li
ne 13.
(pdftex.def)             Requested size: 218.0pt x 155.0016pt.

./20261_2src_2_ejemplo011_8c.tex:26: LaTeX Error: Unicode character ∞ (U+221E
)
               not set up for use with LaTeX.

See the LaTeX manual or LaTeX Companion for explanation.
Type  H <return>  for immediate help.
 ...                                              
                                                  
l.26 ...}\texorpdfstring{$^\wedge$}{\string^}\{∞
                                                  \} x\texorpdfstring{$^\wed...

You may provide a definition with
\DeclareUnicodeCharacter 


Underfull \hbox (badness 10000) detected at line 34
[][][]
 []


Underfull \hbox (badness 10000) detected at line 41
[][][]
 []


Underfull \hbox (badness 10000) detected at line 49
[][][]
 []



[143]
Underfull \hbox (badness 10000) detected at line 52
[][][]
 []

> Step: init table outer spec.
> Step: parse table options.
> Step: split table.
> Step: init table inner spec.
> Step: parse table inner spec.
> Step: execute table commands.
> Step: calculate cell and line sizes.
> Step: build the whole table.
> Step: init table outer spec.
> Step: parse table options.
> Step: split table.
> Step: init table inner spec.
> Step: parse table inner spec.
> Step: execute table commands.
> Step: calculate cell and line sizes.
> Step: build the whole table.

Underfull \hbox (badness 10000) detected at line 81
[][][]
 []

 <./20261_2src_2_ejemplo011_8c_a0ddf1224851353fc92bfbff6f499fa97_cgraph.pdf>
<20261_2src_2_ejemplo011_8c_a0ddf1224851353fc92bfbff6f499fa97_cgraph.pdf, id=12
162, 182.6825pt x 117.43875pt>
File: 20261_2src_2_ejemplo011_8c_a0ddf1224851353fc92bfbff6f499fa97_cgraph.pdf G
raphic file (type pdf)
<use 20261_2src_2_ejemplo011_8c_a0ddf1224851353fc92bfbff6f499fa97_cgraph.pdf>
Package pdftex.def Info: 20261_2src_2_ejemplo011_8c_a0ddf1224851353fc92bfbff6f4
99fa97_cgraph.pdf  used on input line 129.
(pdftex.def)             Requested size: 182.0pt x 117.00478pt.
) (./20261_2src_2_ejemplo011_8c_source.tex

[144]) (./20252_2_ejemplo012_8c.tex <./20252_2_ejemplo012_8c__incl.pdf>
<20252_2_ejemplo012_8c__incl.pdf, id=12193, 251.94125pt x 155.58125pt>
File: 20252_2_ejemplo012_8c__incl.pdf Graphic file (type pdf)
<use 20252_2_ejemplo012_8c__incl.pdf>
Package pdftex.def Info: 20252_2_ejemplo012_8c__incl.pdf  used on input line 10
.
(pdftex.def)             Requested size: 251.0pt x 155.0016pt.


[145]) (./20252_2_ejemplo012_8c_source.tex

[146]) (./20261_2src_2_ejemplo012_8c.tex <./20261_2src_2_ejemplo012_8c__incl.pd
f>
<20261_2src_2_ejemplo012_8c__incl.pdf, id=12364, 218.8175pt x 155.58125pt>
File: 20261_2src_2_ejemplo012_8c__incl.pdf Graphic file (type pdf)
<use 20261_2src_2_ejemplo012_8c__incl.pdf>
Package pdftex.def Info: 20261_2src_2_ejemplo012_8c__incl.pdf  used on input li
ne 13.
(pdftex.def)             Requested size: 218.0pt x 155.0016pt.


[147]

./20261_2src_2_ejemplo012_8c.tex:28: LaTeX Error: Unicode character ≈ (U+2248
)
               not set up for use with LaTeX.

See the LaTeX manual or LaTeX Companion for explanation.
Type  H <return>  for immediate help.
 ...                                              
                                                  
l.28 Entonces:\+ ln(x) ≈
                           2 \texorpdfstring{$\ast$}{*} sum\+\_\+\{i=0\}\tex...

You may provide a definition with
\DeclareUnicodeCharacter 


Underfull \hbox (badness 10000) detected at line 37
[][][]
 []


Underfull \hbox (badness 10000) detected at line 44
[][][]
 []


Underfull \hbox (badness 10000) detected at line 52
[][][]
 []


Underfull \hbox (badness 10000) detected at line 58
[][][]
 []


Underfull \hbox (badness 10000) detected at line 61
[][][]
 []



[148] <./20261_2src_2_ejemplo012_8c_a0ddf1224851353fc92bfbff6f499fa97_cgraph.pd
f>
<20261_2src_2_ejemplo012_8c_a0ddf1224851353fc92bfbff6f499fa97_cgraph.pdf, id=12
448, 182.6825pt x 117.43875pt>
File: 20261_2src_2_ejemplo012_8c_a0ddf1224851353fc92bfbff6f499fa97_cgraph.pdf G
raphic file (type pdf)
<use 20261_2src_2_ejemplo012_8c_a0ddf1224851353fc92bfbff6f499fa97_cgraph.pdf>
Package pdftex.def Info: 20261_2src_2_ejemplo012_8c_a0ddf1224851353fc92bfbff6f4
99fa97_cgraph.pdf  used on input line 140.
(pdftex.def)             Requested size: 182.0pt x 117.00478pt.
) (./20261_2src_2_ejemplo012_8c_source.tex

[149]) (./20252_2_ejemplo013_8c.tex <./20252_2_ejemplo013_8c__incl.pdf>
<20252_2_ejemplo013_8c__incl.pdf, id=12502, 251.94125pt x 155.58125pt>
File: 20252_2_ejemplo013_8c__incl.pdf Graphic file (type pdf)
<use 20252_2_ejemplo013_8c__incl.pdf>
Package pdftex.def Info: 20252_2_ejemplo013_8c__incl.pdf  used on input line 10
.
(pdftex.def)             Requested size: 251.0pt x 155.0016pt.


[150]) (./20252_2_ejemplo013_8c_source.tex

[151]) (./20261_2src_2_ejemplo013_8c.tex <./20261_2src_2_ejemplo013_8c__incl.pd
f>
<20261_2src_2_ejemplo013_8c__incl.pdf, id=12692, 218.8175pt x 155.58125pt>
File: 20261_2src_2_ejemplo013_8c__incl.pdf Graphic file (type pdf)
<use 20261_2src_2_ejemplo013_8c__incl.pdf>
Package pdftex.def Info: 20261_2src_2_ejemplo013_8c__incl.pdf  used on input li
ne 13.
(pdftex.def)             Requested size: 218.0pt x 155.0016pt.


[152]

./20261_2src_2_ejemplo013_8c.tex:26: LaTeX Error: Unicode character ∞ (U+221E
)
               not set up for use with LaTeX.

See the LaTeX manual or LaTeX Companion for explanation.
Type  H <return>  for immediate help.
 ...                                              
                                                  
l.26 ...}\texorpdfstring{$^\wedge$}{\string^}\{∞
                                                  \} f\texorpdfstring{$^\wed...

You may provide a definition with
\DeclareUnicodeCharacter 


Underfull \hbox (badness 10000) detected at line 30
[][][]
 []


Underfull \hbox (badness 10000) detected at line 37
[][][]
 []


Underfull \hbox (badness 10000) detected at line 45
[][][]
 []


Underfull \hbox (badness 10000) detected at line 51
[][][]
 []


Underfull \hbox (badness 10000) detected at line 54
[][][]
 []



[153] <./20261_2src_2_ejemplo013_8c_a0ddf1224851353fc92bfbff6f499fa97_cgraph.pd
f>
<20261_2src_2_ejemplo013_8c_a0ddf1224851353fc92bfbff6f499fa97_cgraph.pdf, id=12
781, 182.6825pt x 117.43875pt>
File: 20261_2src_2_ejemplo013_8c_a0ddf1224851353fc92bfbff6f499fa97_cgraph.pdf G
raphic file (type pdf)
<use 20261_2src_2_ejemplo013_8c_a0ddf1224851353fc92bfbff6f499fa97_cgraph.pdf>
Package pdftex.def Info: 20261_2src_2_ejemplo013_8c_a0ddf1224851353fc92bfbff6f4
99fa97_cgraph.pdf  used on input line 135.
(pdftex.def)             Requested size: 182.0pt x 117.00478pt.
) (./20261_2src_2_ejemplo013_8c_source.tex

[154]) (./20252_2_ejemplo014_8c.tex <./20252_2_ejemplo014_8c__incl.pdf>
<20252_2_ejemplo014_8c__incl.pdf, id=12853, 251.94125pt x 155.58125pt>
File: 20252_2_ejemplo014_8c__incl.pdf Graphic file (type pdf)
<use 20252_2_ejemplo014_8c__incl.pdf>
Package pdftex.def Info: 20252_2_ejemplo014_8c__incl.pdf  used on input line 10
.
(pdftex.def)             Requested size: 251.0pt x 155.0016pt.


[155]) (./20252_2_ejemplo014_8c_source.tex

[156]) (./20261_2src_2_ejemplo014_8c.tex <./20261_2src_2_ejemplo014_8c__incl.pd
f>
<20261_2src_2_ejemplo014_8c__incl.pdf, id=13030, 218.8175pt x 155.58125pt>
File: 20261_2src_2_ejemplo014_8c__incl.pdf Graphic file (type pdf)
<use 20261_2src_2_ejemplo014_8c__incl.pdf>
Package pdftex.def Info: 20261_2src_2_ejemplo014_8c__incl.pdf  used on input li
ne 13.
(pdftex.def)             Requested size: 218.0pt x 155.0016pt.


[157]

./20261_2src_2_ejemplo014_8c.tex:26: LaTeX Error: Unicode character ∞ (U+221E
)
               not set up for use with LaTeX.

See the LaTeX manual or LaTeX Companion for explanation.
Type  H <return>  for immediate help.
 ...                                              
                                                  
l.26 ...}\texorpdfstring{$^\wedge$}{\string^}\{∞
                                                  \} (-\/1)\texorpdfstring{$...

You may provide a definition with
\DeclareUnicodeCharacter 


./20261_2src_2_ejemplo014_8c.tex:28: LaTeX Error: Unicode character ≈ (U+2248
)
               not set up for use with LaTeX.

See the LaTeX manual or LaTeX Companion for explanation.
Type  H <return>  for immediate help.
 ...                                              
                                                  
l.28 ...ama aproxima con n términos:\+ sen(x) ≈
                                                   sum\+\_\+\{i=0\}\texorpdf...

You may provide a definition with
\DeclareUnicodeCharacter 


Underfull \hbox (badness 10000) detected at line 35
[][][]
 []


Underfull \hbox (badness 10000) detected at line 42
[][][]
 []


Underfull \hbox (badness 10000) detected at line 50
[][][]
 []


Underfull \hbox (badness 10000) detected at line 53
[][][]
 []



[158]) (./20261_2src_2_ejemplo014_8c_source.tex

[159]) (./20252_2_ejemplo015_8c.tex <./20252_2_ejemplo015_8c__incl.pdf>
<20252_2_ejemplo015_8c__incl.pdf, id=13173, 251.94125pt x 155.58125pt>
File: 20252_2_ejemplo015_8c__incl.pdf Graphic file (type pdf)
<use 20252_2_ejemplo015_8c__incl.pdf>
Package pdftex.def Info: 20252_2_ejemplo015_8c__incl.pdf  used on input line 10
.
(pdftex.def)             Requested size: 251.0pt x 155.0016pt.


[160]) (./20252_2_ejemplo015_8c_source.tex

[161]) (./20261_2src_2_ejemplo015_8c.tex <./20261_2src_2_ejemplo015_8c__incl.pd
f>
<20261_2src_2_ejemplo015_8c__incl.pdf, id=13362, 218.8175pt x 155.58125pt>
File: 20261_2src_2_ejemplo015_8c__incl.pdf Graphic file (type pdf)
<use 20261_2src_2_ejemplo015_8c__incl.pdf>
Package pdftex.def Info: 20261_2src_2_ejemplo015_8c__incl.pdf  used on input li
ne 13.
(pdftex.def)             Requested size: 218.0pt x 155.0016pt.

./20261_2src_2_ejemplo015_8c.tex:26: LaTeX Error: Unicode character ∞ (U+221E
)
               not set up for use with LaTeX.

See the LaTeX manual or LaTeX Companion for explanation.
Type  H <return>  for immediate help.
 ...                                              
                                                  
l.26 ...}\texorpdfstring{$^\wedge$}{\string^}\{∞
                                                  \} (-\/1)\texorpdfstring{$...

You may provide a definition with
\DeclareUnicodeCharacter 


./20261_2src_2_ejemplo015_8c.tex:28: LaTeX Error: Unicode character Π (U+03A0)

               not set up for use with LaTeX.

See the LaTeX manual or LaTeX Companion for explanation.
Type  H <return>  for immediate help.
 ...                                              
                                                  
l.28 ...^\wedge$}{\string^}\{2i+1\}/\+(2i+1)! = Π
                                                  \+\_\+\{k=1\}\texorpdfstri...

You may provide a definition with
\DeclareUnicodeCharacter 



[162]
Underfull \hbox (badness 10000) detected at line 32
[][][]
 []


Underfull \hbox (badness 10000) detected at line 39
[][][]
 []


Underfull \hbox (badness 10000) detected at line 47
[][][]
 []


Underfull \hbox (badness 10000) detected at line 50
[][][]
 []


./20261_2src_2_ejemplo015_8c.tex:97: LaTeX Error: Unicode character Π (U+03A0)

               not set up for use with LaTeX.

See the LaTeX manual or LaTeX Companion for explanation.
Type  H <return>  for immediate help.
 ...                                              
                                                  
l.97 ...t\ =\ Π\_\{k=1\}\string^\{2i+1\}\ (x/k)}}
                                                  
You may provide a definition with
\DeclareUnicodeCharacter 

 <./20261_2src_2_ejemplo015_8c_a0ddf1224851353fc92bfbff6f499fa97_cgraph.pdf>
<20261_2src_2_ejemplo015_8c_a0ddf1224851353fc92bfbff6f499fa97_cgraph.pdf, id=13
432, 182.6825pt x 117.43875pt>
File: 20261_2src_2_ejemplo015_8c_a0ddf1224851353fc92bfbff6f499fa97_cgraph.pdf G
raphic file (type pdf)
<use 20261_2src_2_ejemplo015_8c_a0ddf1224851353fc92bfbff6f499fa97_cgraph.pdf>
Package pdftex.def Info: 20261_2src_2_ejemplo015_8c_a0ddf1224851353fc92bfbff6f4
99fa97_cgraph.pdf  used on input line 116.
(pdftex.def)             Requested size: 182.0pt x 117.00478pt.
) (./20261_2src_2_ejemplo015_8c_source.tex

[163]

./20261_2src_2_ejemplo015_8c_source.tex:33: LaTeX Error: Unicode character Π (
U+03A0)
               not set up for use with LaTeX.

See the LaTeX manual or LaTeX Companion for explanation.
Type  H <return>  for immediate help.
 ...                                              
                                                  
l.33 ...t\ =\ Π\_\{k=1\}\string^\{2i+1\}\ (x/k)}}
                                                  
You may provide a definition with
\DeclareUnicodeCharacter 

) (./20252_2_ejemplo016_8c.tex <./20252_2_ejemplo016_8c__incl.pdf>
<20252_2_ejemplo016_8c__incl.pdf, id=13461, 251.94125pt x 155.58125pt>
File: 20252_2_ejemplo016_8c__incl.pdf Graphic file (type pdf)
<use 20252_2_ejemplo016_8c__incl.pdf>
Package pdftex.def Info: 20252_2_ejemplo016_8c__incl.pdf  used on input line 10
.
(pdftex.def)             Requested size: 251.0pt x 155.0016pt.


[164]

[165]) (./20252_2_ejemplo016_8c_source.tex

[166]) (./20261_2src_2_ejemplo016_8c.tex <./20261_2src_2_ejemplo016_8c__incl.pd
f>
<20261_2src_2_ejemplo016_8c__incl.pdf, id=13708, 218.8175pt x 155.58125pt>
File: 20261_2src_2_ejemplo016_8c__incl.pdf Graphic file (type pdf)
<use 20261_2src_2_ejemplo016_8c__incl.pdf>
Package pdftex.def Info: 20261_2src_2_ejemplo016_8c__incl.pdf  used on input li
ne 13.
(pdftex.def)             Requested size: 218.0pt x 155.0016pt.

./20261_2src_2_ejemplo016_8c.tex:26: LaTeX Error: Unicode character ∞ (U+221E
)
               not set up for use with LaTeX.

See the LaTeX manual or LaTeX Companion for explanation.
Type  H <return>  for immediate help.
 ...                                              
                                                  
l.26 ...}\texorpdfstring{$^\wedge$}{\string^}\{∞
                                                  \} (-\/1)\texorpdfstring{$...

You may provide a definition with
\DeclareUnicodeCharacter 


./20261_2src_2_ejemplo016_8c.tex:30: LaTeX Error: Unicode character ≈ (U+2248
)
               not set up for use with LaTeX.

See the LaTeX manual or LaTeX Companion for explanation.
Type  H <return>  for immediate help.
 ...                                              
                                                  
l.30 Luego:\+ sen(x) ≈
                         sum\+\_\+\{i=0\}\texorpdfstring{$^\wedge$}{\string^...

You may provide a definition with
\DeclareUnicodeCharacter 


Underfull \hbox (badness 10000) detected at line 32
[][][]
 []


Underfull \hbox (badness 10000) detected at line 39
[][][]
 []


Underfull \hbox (badness 10000) detected at line 47
[][][]
 []



[167]
Underfull \hbox (badness 10000) detected at line 50
[][][]
 []

 <./20261_2src_2_ejemplo016_8c_a0ddf1224851353fc92bfbff6f499fa97_cgraph.pdf>
<20261_2src_2_ejemplo016_8c_a0ddf1224851353fc92bfbff6f499fa97_cgraph.pdf, id=13
757, 182.6825pt x 117.43875pt>
File: 20261_2src_2_ejemplo016_8c_a0ddf1224851353fc92bfbff6f499fa97_cgraph.pdf G
raphic file (type pdf)
<use 20261_2src_2_ejemplo016_8c_a0ddf1224851353fc92bfbff6f499fa97_cgraph.pdf>
Package pdftex.def Info: 20261_2src_2_ejemplo016_8c_a0ddf1224851353fc92bfbff6f4
99fa97_cgraph.pdf  used on input line 119.
(pdftex.def)             Requested size: 182.0pt x 117.00478pt.
) (./20261_2src_2_ejemplo016_8c_source.tex

[168]) (./20252_2_ejemplo017_8c.tex <./20252_2_ejemplo017_8c__incl.pdf>
<20252_2_ejemplo017_8c__incl.pdf, id=13790, 251.94125pt x 155.58125pt>
File: 20252_2_ejemplo017_8c__incl.pdf Graphic file (type pdf)
<use 20252_2_ejemplo017_8c__incl.pdf>
Package pdftex.def Info: 20252_2_ejemplo017_8c__incl.pdf  used on input line 10
.
(pdftex.def)             Requested size: 251.0pt x 155.0016pt.


[169]

[170]) (./20252_2_ejemplo017_8c_source.tex

[171]) (./20261_2src_2_ejemplo017_8c.tex <./20261_2src_2_ejemplo017_8c__incl.pd
f>
<20261_2src_2_ejemplo017_8c__incl.pdf, id=14072, 218.8175pt x 155.58125pt>
File: 20261_2src_2_ejemplo017_8c__incl.pdf Graphic file (type pdf)
<use 20261_2src_2_ejemplo017_8c__incl.pdf>
Package pdftex.def Info: 20261_2src_2_ejemplo017_8c__incl.pdf  used on input li
ne 13.
(pdftex.def)             Requested size: 218.0pt x 155.0016pt.


[172]
LaTeX Font Info:    Font shape `T1/pcr/m/it' in size <9> not available
(Font)              Font shape `T1/pcr/m/sl' tried instead on input line 20.

Underfull \hbox (badness 10000) detected at line 43
[][][]
 []


Underfull \hbox (badness 10000) detected at line 47
[][][]
 []


Underfull \hbox (badness 10000) detected at line 55
[][][]
 []


Underfull \hbox (badness 10000) detected at line 61
[][][]
 []


Underfull \hbox (badness 10000) detected at line 64
[][][]
 []

> Step: init table outer spec.
> Step: parse table options.
> Step: split table.
> Step: init table inner spec.
> Step: parse table inner spec.
> Step: execute table commands.
> Step: calculate cell and line sizes.
> Step: build the whole table.
> Step: init table outer spec.
> Step: parse table options.
> Step: split table.
> Step: init table inner spec.
> Step: parse table inner spec.
> Step: execute table commands.
> Step: calculate cell and line sizes.
> Step: build the whole table.


[173]
Underfull \hbox (badness 10000) detected at line 97
[][][]
 []


./20261_2src_2_ejemplo017_8c.tex:139: LaTeX Error: Unicode character ≈ (U+224
8)
               not set up for use with LaTeX.

See the LaTeX manual or LaTeX Companion for explanation.
Type  H <return>  for immediate help.
 ...                                              
                                                  
l.139 ...ment}{\ \ \ \ \ \ =>\ arcsin(x)\ ≈\ x}}
                                                  
You may provide a definition with
\DeclareUnicodeCharacter 

 <./20261_2src_2_ejemplo017_8c_a0ddf1224851353fc92bfbff6f499fa97_cgraph.pdf>
<20261_2src_2_ejemplo017_8c_a0ddf1224851353fc92bfbff6f499fa97_cgraph.pdf, id=14
171, 182.6825pt x 117.43875pt>
File: 20261_2src_2_ejemplo017_8c_a0ddf1224851353fc92bfbff6f499fa97_cgraph.pdf G
raphic file (type pdf)
<use 20261_2src_2_ejemplo017_8c_a0ddf1224851353fc92bfbff6f499fa97_cgraph.pdf>
Package pdftex.def Info: 20261_2src_2_ejemplo017_8c_a0ddf1224851353fc92bfbff6f4
99fa97_cgraph.pdf  used on input line 172.
(pdftex.def)             Requested size: 182.0pt x 117.00478pt.
) (./20261_2src_2_ejemplo017_8c_source.tex

[174]

./20261_2src_2_ejemplo017_8c_source.tex:43: LaTeX Error: Unicode character ≈ 
(U+2248)
               not set up for use with LaTeX.

See the LaTeX manual or LaTeX Companion for explanation.
Type  H <return>  for immediate help.
 ...                                              
                                                  
l.43 ...mment}{\ \ \ \ \ \ =>\ arcsin(x)\ ≈\ x}}
                                                  
You may provide a definition with
\DeclareUnicodeCharacter 



[175]) (./20252_2_ejemplo018_8c.tex <./20252_2_ejemplo018_8c__incl.pdf>
<20252_2_ejemplo018_8c__incl.pdf, id=14264, 251.94125pt x 155.58125pt>
File: 20252_2_ejemplo018_8c__incl.pdf Graphic file (type pdf)
<use 20252_2_ejemplo018_8c__incl.pdf>
Package pdftex.def Info: 20252_2_ejemplo018_8c__incl.pdf  used on input line 10
.
(pdftex.def)             Requested size: 251.0pt x 155.0016pt.


[176]) (./20252_2_ejemplo018_8c_source.tex

[177]) (./20261_2src_2_ejemplo018_8c.tex <./20261_2src_2_ejemplo018_8c__incl.pd
f>
<20261_2src_2_ejemplo018_8c__incl.pdf, id=14450, 251.94125pt x 155.58125pt>
File: 20261_2src_2_ejemplo018_8c__incl.pdf Graphic file (type pdf)
<use 20261_2src_2_ejemplo018_8c__incl.pdf>
Package pdftex.def Info: 20261_2src_2_ejemplo018_8c__incl.pdf  used on input li
ne 15.
(pdftex.def)             Requested size: 251.0pt x 155.0016pt.


[178]
Underfull \hbox (badness 10000) detected at line 35
[][][]
 []


Underfull \hbox (badness 10000) detected at line 43
[][][]
 []


Underfull \hbox (badness 10000) detected at line 54
[][][]
 []


Underfull \hbox (badness 10000) detected at line 61
[][][]
 []


Underfull \hbox (badness 10000) detected at line 64
[][][]
 []



[179]) (./20261_2src_2_ejemplo018_8c_source.tex

[180]) (./20252_2_ejemplo019_8c.tex <./20252_2_ejemplo019_8c__incl.pdf>
<20252_2_ejemplo019_8c__incl.pdf, id=14660, 251.94125pt x 155.58125pt>
File: 20252_2_ejemplo019_8c__incl.pdf Graphic file (type pdf)
<use 20252_2_ejemplo019_8c__incl.pdf>
Package pdftex.def Info: 20252_2_ejemplo019_8c__incl.pdf  used on input line 10
.
(pdftex.def)             Requested size: 251.0pt x 155.0016pt.


[181]) (./20252_2_ejemplo019_8c_source.tex

[182]) (./20261_2src_2_ejemplo019_8c.tex <./20261_2src_2_ejemplo019_8c__incl.pd
f>
<20261_2src_2_ejemplo019_8c__incl.pdf, id=14871, 251.94125pt x 155.58125pt>
File: 20261_2src_2_ejemplo019_8c__incl.pdf Graphic file (type pdf)
<use 20261_2src_2_ejemplo019_8c__incl.pdf>
Package pdftex.def Info: 20261_2src_2_ejemplo019_8c__incl.pdf  used on input li
ne 15.
(pdftex.def)             Requested size: 251.0pt x 155.0016pt.


[183]
Underfull \hbox (badness 10000) detected at line 38
[][][]
 []


Underfull \hbox (badness 10000) detected at line 46
[][][]
 []


Underfull \hbox (badness 10000) detected at line 53
[][][]
 []


Underfull \hbox (badness 10000) detected at line 59
[][][]
 []


Underfull \hbox (badness 10000) detected at line 67
[][][]
 []



[184]) (./20261_2src_2_ejemplo019_8c_source.tex

[185]) (./20252_2_ejemplo020_8c.tex <./20252_2_ejemplo020_8c__incl.pdf>
<20252_2_ejemplo020_8c__incl.pdf, id=15073, 201.75375pt x 155.58125pt>
File: 20252_2_ejemplo020_8c__incl.pdf Graphic file (type pdf)
<use 20252_2_ejemplo020_8c__incl.pdf>
Package pdftex.def Info: 20252_2_ejemplo020_8c__incl.pdf  used on input line 8.

(pdftex.def)             Requested size: 201.0pt x 155.0016pt.


[186]

[187]) (./20252_2_ejemplo020_8c_source.tex) (./20261_2src_2_ejemplo020_8c.tex <
./20261_2src_2_ejemplo020_8c__incl.pdf>
<20261_2src_2_ejemplo020_8c__incl.pdf, id=15233, 251.94125pt x 155.58125pt>
File: 20261_2src_2_ejemplo020_8c__incl.pdf Graphic file (type pdf)
<use 20261_2src_2_ejemplo020_8c__incl.pdf>
Package pdftex.def Info: 20261_2src_2_ejemplo020_8c__incl.pdf  used on input li
ne 15.
(pdftex.def)             Requested size: 251.0pt x 155.0016pt.


[188]
Underfull \hbox (badness 10000) detected at line 43
[][][]
 []


Underfull \hbox (badness 10000) detected at line 51
[][][]
 []


Underfull \hbox (badness 10000) detected at line 58
[][][]
 []


Underfull \hbox (badness 10000) detected at line 66
[][][]
 []



[189]

[190]) (./20261_2src_2_ejemplo020_8c_source.tex

[191]) (./20252_2_ejemplo021_8c.tex <./20252_2_ejemplo021_8c__incl.pdf>
<20252_2_ejemplo021_8c__incl.pdf, id=15458, 201.75375pt x 155.58125pt>
File: 20252_2_ejemplo021_8c__incl.pdf Graphic file (type pdf)
<use 20252_2_ejemplo021_8c__incl.pdf>
Package pdftex.def Info: 20252_2_ejemplo021_8c__incl.pdf  used on input line 8.

(pdftex.def)             Requested size: 201.0pt x 155.0016pt.


[192]) (./20252_2_ejemplo021_8c_source.tex

[193]) (./20261_2src_2_ejemplo021_8c.tex <./20261_2src_2_ejemplo021_8c__incl.pd
f>
<20261_2src_2_ejemplo021_8c__incl.pdf, id=15597, 251.94125pt x 155.58125pt>
File: 20261_2src_2_ejemplo021_8c__incl.pdf Graphic file (type pdf)
<use 20261_2src_2_ejemplo021_8c__incl.pdf>
Package pdftex.def Info: 20261_2src_2_ejemplo021_8c__incl.pdf  used on input li
ne 15.
(pdftex.def)             Requested size: 251.0pt x 155.0016pt.


[194]
Underfull \hbox (badness 10000) detected at line 39
[][][]
 []


Underfull \hbox (badness 10000) detected at line 47
[][][]
 []


Underfull \hbox (badness 10000) detected at line 54
[][][]
 []


Underfull \hbox (badness 10000) detected at line 62
[][][]
 []



[195]) (./20261_2src_2_ejemplo021_8c_source.tex

[196]) (./20252_2_ejemplo022_8c.tex <./20252_2_ejemplo022_8c__incl.pdf>
<20252_2_ejemplo022_8c__incl.pdf, id=15771, 201.75375pt x 155.58125pt>
File: 20252_2_ejemplo022_8c__incl.pdf Graphic file (type pdf)
<use 20252_2_ejemplo022_8c__incl.pdf>
Package pdftex.def Info: 20252_2_ejemplo022_8c__incl.pdf  used on input line 8.

(pdftex.def)             Requested size: 201.0pt x 155.0016pt.


[197]

[198] <./20252_2_ejemplo022_8c_a0ddf1224851353fc92bfbff6f499fa97_cgraph.pdf>
<20252_2_ejemplo022_8c_a0ddf1224851353fc92bfbff6f499fa97_cgraph.pdf, id=15904, 
182.6825pt x 117.43875pt>
File: 20252_2_ejemplo022_8c_a0ddf1224851353fc92bfbff6f499fa97_cgraph.pdf Graphi
c file (type pdf)
<use 20252_2_ejemplo022_8c_a0ddf1224851353fc92bfbff6f499fa97_cgraph.pdf>
Package pdftex.def Info: 20252_2_ejemplo022_8c_a0ddf1224851353fc92bfbff6f499fa9
7_cgraph.pdf  used on input line 112.
(pdftex.def)             Requested size: 182.0pt x 117.00478pt.
) (./20252_2_ejemplo022_8c_source.tex

[199]) (./20261_2src_2_ejemplo022_8c.tex <./20261_2src_2_ejemplo022_8c__incl.pd
f>
<20261_2src_2_ejemplo022_8c__incl.pdf, id=15972, 251.94125pt x 155.58125pt>
File: 20261_2src_2_ejemplo022_8c__incl.pdf Graphic file (type pdf)
<use 20261_2src_2_ejemplo022_8c__incl.pdf>
Package pdftex.def Info: 20261_2src_2_ejemplo022_8c__incl.pdf  used on input li
ne 15.
(pdftex.def)             Requested size: 251.0pt x 155.0016pt.


[200]
Underfull \hbox (badness 10000) detected at line 40
[][][]
 []


Underfull \hbox (badness 10000) detected at line 48
[][][]
 []


Underfull \hbox (badness 10000) detected at line 55
[][][]
 []


Underfull \hbox (badness 10000) detected at line 63
[][][]
 []



[201]) (./20261_2src_2_ejemplo022_8c_source.tex

[202]) (./20252_2_ejemplo023_8c.tex <./20252_2_ejemplo023_8c__incl.pdf>
<20252_2_ejemplo023_8c__incl.pdf, id=16160, 317.185pt x 155.58125pt>
File: 20252_2_ejemplo023_8c__incl.pdf Graphic file (type pdf)
<use 20252_2_ejemplo023_8c__incl.pdf>
Package pdftex.def Info: 20252_2_ejemplo023_8c__incl.pdf  used on input line 11
.
(pdftex.def)             Requested size: 316.0pt x 155.01347pt.


[203]

[204]) (./20252_2_ejemplo023_8c_source.tex) (./20261_2src_2_ejemplo023_8c.tex

[205] <./20261_2src_2_ejemplo023_8c__incl.pdf>
<20261_2src_2_ejemplo023_8c__incl.pdf, id=16404, 317.185pt x 155.58125pt>
File: 20261_2src_2_ejemplo023_8c__incl.pdf Graphic file (type pdf)
<use 20261_2src_2_ejemplo023_8c__incl.pdf>
Package pdftex.def Info: 20261_2src_2_ejemplo023_8c__incl.pdf  used on input li
ne 16.
(pdftex.def)             Requested size: 316.0pt x 155.01347pt.


[206]
Underfull \hbox (badness 10000) detected at line 63
[][][]
 []


Underfull \hbox (badness 10000) detected at line 71
[][][]
 []


Underfull \hbox (badness 10000) detected at line 83
[][][]
 []


Underfull \hbox (badness 10000) detected at line 89
[][][]
 []


Underfull \hbox (badness 10000) detected at line 98
[][][]
 []



[207]

[208]

[209]) (./20261_2src_2_ejemplo023_8c_source.tex

[210]

[211]) (./20252_2_ejemplo024_8c.tex <./20252_2_ejemplo024_8c__incl.pdf>
<20252_2_ejemplo024_8c__incl.pdf, id=16795, 201.75375pt x 155.58125pt>
File: 20252_2_ejemplo024_8c__incl.pdf Graphic file (type pdf)
<use 20252_2_ejemplo024_8c__incl.pdf>
Package pdftex.def Info: 20252_2_ejemplo024_8c__incl.pdf  used on input line 8.

(pdftex.def)             Requested size: 201.0pt x 155.0016pt.


[212]

[213]) (./20252_2_ejemplo024_8c_source.tex) (./20261_2src_2_ejemplo024_8c.tex <
./20261_2src_2_ejemplo024_8c__incl.pdf>
<20261_2src_2_ejemplo024_8c__incl.pdf, id=16959, 317.185pt x 155.58125pt>
File: 20261_2src_2_ejemplo024_8c__incl.pdf Graphic file (type pdf)
<use 20261_2src_2_ejemplo024_8c__incl.pdf>
Package pdftex.def Info: 20261_2src_2_ejemplo024_8c__incl.pdf  used on input li
ne 16.
(pdftex.def)             Requested size: 316.0pt x 155.01347pt.


[214]
Underfull \hbox (badness 10000) detected at line 44
[][][]
 []


Underfull \hbox (badness 10000) detected at line 52
[][][]
 []


Underfull \hbox (badness 10000) detected at line 59
[][][]
 []



[215]

[216]) (./20261_2src_2_ejemplo024_8c_source.tex

[217]) (./20252_2_ejemplo025_8c.tex <./20252_2_ejemplo025_8c__incl.pdf>
<20252_2_ejemplo025_8c__incl.pdf, id=17216, 251.94125pt x 155.58125pt>
File: 20252_2_ejemplo025_8c__incl.pdf Graphic file (type pdf)
<use 20252_2_ejemplo025_8c__incl.pdf>
Package pdftex.def Info: 20252_2_ejemplo025_8c__incl.pdf  used on input line 10
.
(pdftex.def)             Requested size: 251.0pt x 155.0016pt.


[218]

[219]

[220]) (./20252_2_ejemplo025_8c_source.tex) (./20261_2src_2_ejemplo025_8c.tex <
./20261_2src_2_ejemplo025_8c__incl.pdf>
<20261_2src_2_ejemplo025_8c__incl.pdf, id=17441, 317.185pt x 155.58125pt>
File: 20261_2src_2_ejemplo025_8c__incl.pdf Graphic file (type pdf)
<use 20261_2src_2_ejemplo025_8c__incl.pdf>
Package pdftex.def Info: 20261_2src_2_ejemplo025_8c__incl.pdf  used on input li
ne 16.
(pdftex.def)             Requested size: 316.0pt x 155.01347pt.


[221]
Underfull \hbox (badness 10000) detected at line 54
[][][]
 []


Underfull \hbox (badness 10000) detected at line 62
[][][]
 []


Underfull \hbox (badness 10000) detected at line 69
[][][]
 []


Underfull \hbox (badness 10000) detected at line 72
[][][]
 []



[222]

[223]) (./20261_2src_2_ejemplo025_8c_source.tex

[224]) (./20252_2_ejemplo026_8c.tex <./20252_2_ejemplo026_8c__incl.pdf>
<20252_2_ejemplo026_8c__incl.pdf, id=17673, 317.185pt x 155.58125pt>
File: 20252_2_ejemplo026_8c__incl.pdf Graphic file (type pdf)
<use 20252_2_ejemplo026_8c__incl.pdf>
Package pdftex.def Info: 20252_2_ejemplo026_8c__incl.pdf  used on input line 11
.
(pdftex.def)             Requested size: 316.0pt x 155.01347pt.


[225]

[226]

[227]) (./20252_2_ejemplo026_8c_source.tex

[228]) (./20261_2src_2_ejemplo026_8c.tex <./20261_2src_2_ejemplo026_8c__incl.pd
f>
<20261_2src_2_ejemplo026_8c__incl.pdf, id=17927, 317.185pt x 155.58125pt>
File: 20261_2src_2_ejemplo026_8c__incl.pdf Graphic file (type pdf)
<use 20261_2src_2_ejemplo026_8c__incl.pdf>
Package pdftex.def Info: 20261_2src_2_ejemplo026_8c__incl.pdf  used on input li
ne 16.
(pdftex.def)             Requested size: 316.0pt x 155.01347pt.

./20261_2src_2_ejemplo026_8c.tex:38: LaTeX Error: Unicode character ∈ (U+2208
)
               not set up for use with LaTeX.

See the LaTeX manual or LaTeX Companion for explanation.
Type  H <return>  for immediate help.
 ...                                              
                                                  
l.38 ... Sort):\+ 1) Generar datos:\+ x\+[i]\+ ∈
                                                   \+[0, max]\+ 2) Inicializ...

You may provide a definition with
\DeclareUnicodeCharacter 



[229]
Underfull \hbox (badness 10000) detected at line 43
[][][]
 []


Underfull \hbox (badness 10000) detected at line 50
[][][]
 []


Underfull \hbox (badness 10000) detected at line 57
[][][]
 []


Underfull \hbox (badness 10000) detected at line 65
[][][]
 []


Underfull \hbox (badness 10000) detected at line 72
[][][]
 []



[230]) (./20261_2src_2_ejemplo026_8c_source.tex

[231]) (./20252_2_ejemplo027_8c.tex <./20252_2_ejemplo027_8c__incl.pdf>
<20252_2_ejemplo027_8c__incl.pdf, id=18075, 201.75375pt x 155.58125pt>
File: 20252_2_ejemplo027_8c__incl.pdf Graphic file (type pdf)
<use 20252_2_ejemplo027_8c__incl.pdf>
Package pdftex.def Info: 20252_2_ejemplo027_8c__incl.pdf  used on input line 8.

(pdftex.def)             Requested size: 201.0pt x 155.0016pt.


[232]) (./20252_2_ejemplo027_8c_source.tex

[233]) (./20261_2src_2_ejemplo027_8c.tex <./20261_2src_2_ejemplo027_8c__incl.pd
f>
<20261_2src_2_ejemplo027_8c__incl.pdf, id=18176, 317.185pt x 155.58125pt>
File: 20261_2src_2_ejemplo027_8c__incl.pdf Graphic file (type pdf)
<use 20261_2src_2_ejemplo027_8c__incl.pdf>
Package pdftex.def Info: 20261_2src_2_ejemplo027_8c__incl.pdf  used on input li
ne 16.
(pdftex.def)             Requested size: 316.0pt x 155.01347pt.


[234]
Underfull \hbox (badness 10000) detected at line 40
[][][]
 []


Underfull \hbox (badness 10000) detected at line 48
[][][]
 []


Underfull \hbox (badness 10000) detected at line 55
[][][]
 []


Underfull \hbox (badness 10000) detected at line 63
[][][]
 []



[235]) (./20261_2src_2_ejemplo027_8c_source.tex

[236]) (./20252_2_ejemplo028_8c.tex <./20252_2_ejemplo028_8c__incl.pdf>
<20252_2_ejemplo028_8c__incl.pdf, id=18379, 201.75375pt x 155.58125pt>
File: 20252_2_ejemplo028_8c__incl.pdf Graphic file (type pdf)
<use 20252_2_ejemplo028_8c__incl.pdf>
Package pdftex.def Info: 20252_2_ejemplo028_8c__incl.pdf  used on input line 8.

(pdftex.def)             Requested size: 201.0pt x 155.0016pt.


[237]

[238]) (./20252_2_ejemplo028_8c_source.tex

[239]) (./20261_2src_2_ejemplo028_8c.tex <./20261_2src_2_ejemplo028_8c__incl.pd
f>
<20261_2src_2_ejemplo028_8c__incl.pdf, id=18609, 218.8175pt x 155.58125pt>
File: 20261_2src_2_ejemplo028_8c__incl.pdf Graphic file (type pdf)
<use 20261_2src_2_ejemplo028_8c__incl.pdf>
Package pdftex.def Info: 20261_2src_2_ejemplo028_8c__incl.pdf  used on input li
ne 14.
(pdftex.def)             Requested size: 218.0pt x 155.0016pt.


[240]
Underfull \hbox (badness 10000) detected at line 36
[][][]
 []


Underfull \hbox (badness 10000) detected at line 45
[][][]
 []


Underfull \hbox (badness 10000) detected at line 51
[][][]
 []



[241]) (./20261_2src_2_ejemplo028_8c_source.tex

[242]) (./20252_2_ejemplo029_8c.tex <./20252_2_ejemplo029_8c__incl.pdf>
<20252_2_ejemplo029_8c__incl.pdf, id=18795, 201.75375pt x 155.58125pt>
File: 20252_2_ejemplo029_8c__incl.pdf Graphic file (type pdf)
<use 20252_2_ejemplo029_8c__incl.pdf>
Package pdftex.def Info: 20252_2_ejemplo029_8c__incl.pdf  used on input line 8.

(pdftex.def)             Requested size: 201.0pt x 155.0016pt.
 <./20252_2_ejemplo029_8c_a58aad42b9bf5b065b6c5781865674b94_cgraph.pdf>
<20252_2_ejemplo029_8c_a58aad42b9bf5b065b6c5781865674b94_cgraph.pdf, id=18831, 
206.7725pt x 136.51pt>
File: 20252_2_ejemplo029_8c_a58aad42b9bf5b065b6c5781865674b94_cgraph.pdf Graphi
c file (type pdf)
<use 20252_2_ejemplo029_8c_a58aad42b9bf5b065b6c5781865674b94_cgraph.pdf>
Package pdftex.def Info: 20252_2_ejemplo029_8c_a58aad42b9bf5b065b6c5781865674b9
4_cgraph.pdf  used on input line 64.
(pdftex.def)             Requested size: 206.0pt x 136.0035pt.


[243] <./20252_2_ejemplo029_8c_a58aad42b9bf5b065b6c5781865674b94_icgraph.pdf>
<20252_2_ejemplo029_8c_a58aad42b9bf5b065b6c5781865674b94_icgraph.pdf, id=18863,
 190.7125pt x 99.37125pt>
File: 20252_2_ejemplo029_8c_a58aad42b9bf5b065b6c5781865674b94_icgraph.pdf Graph
ic file (type pdf)
<use 20252_2_ejemplo029_8c_a58aad42b9bf5b065b6c5781865674b94_icgraph.pdf>
Package pdftex.def Info: 20252_2_ejemplo029_8c_a58aad42b9bf5b065b6c5781865674b9
4_icgraph.pdf  used on input line 71.
(pdftex.def)             Requested size: 190.0pt x 99.00406pt.
 <./20252_2_ejemplo029_8c_a576a6f505a280d45d80de8c0fe13a1f2_cgraph.pdf>
<20252_2_ejemplo029_8c_a576a6f505a280d45d80de8c0fe13a1f2_cgraph.pdf, id=18883, 
182.6825pt x 117.43875pt>
File: 20252_2_ejemplo029_8c_a576a6f505a280d45d80de8c0fe13a1f2_cgraph.pdf Graphi
c file (type pdf)
<use 20252_2_ejemplo029_8c_a576a6f505a280d45d80de8c0fe13a1f2_cgraph.pdf>
Package pdftex.def Info: 20252_2_ejemplo029_8c_a576a6f505a280d45d80de8c0fe13a1f
2_cgraph.pdf  used on input line 102.
(pdftex.def)             Requested size: 182.0pt x 117.00478pt.
 <./20252_2_ejemplo029_8c_a576a6f505a280d45d80de8c0fe13a1f2_icgraph.pdf>
<20252_2_ejemplo029_8c_a576a6f505a280d45d80de8c0fe13a1f2_icgraph.pdf, id=18891,
 190.7125pt x 99.37125pt>
File: 20252_2_ejemplo029_8c_a576a6f505a280d45d80de8c0fe13a1f2_icgraph.pdf Graph
ic file (type pdf)
<use 20252_2_ejemplo029_8c_a576a6f505a280d45d80de8c0fe13a1f2_icgraph.pdf>
Package pdftex.def Info: 20252_2_ejemplo029_8c_a576a6f505a280d45d80de8c0fe13a1f
2_icgraph.pdf  used on input line 109.
(pdftex.def)             Requested size: 190.0pt x 99.00406pt.


[244] <./20252_2_ejemplo029_8c_ae5f93d1f36ce0cc8bf846f19f4e58839_cgraph.pdf>
<20252_2_ejemplo029_8c_ae5f93d1f36ce0cc8bf846f19f4e58839_cgraph.pdf, id=18918, 
211.79124pt x 172.645pt>
File: 20252_2_ejemplo029_8c_ae5f93d1f36ce0cc8bf846f19f4e58839_cgraph.pdf Graphi
c file (type pdf)
<use 20252_2_ejemplo029_8c_ae5f93d1f36ce0cc8bf846f19f4e58839_cgraph.pdf>
Package pdftex.def Info: 20252_2_ejemplo029_8c_ae5f93d1f36ce0cc8bf846f19f4e5883
9_cgraph.pdf  used on input line 136.
(pdftex.def)             Requested size: 211.0pt x 172.00705pt.
 <./20252_2_ejemplo029_8c_ae5f93d1f36ce0cc8bf846f19f4e58839_icgraph.pdf>
<20252_2_ejemplo029_8c_ae5f93d1f36ce0cc8bf846f19f4e58839_icgraph.pdf, id=18926,
 190.7125pt x 117.43875pt>
File: 20252_2_ejemplo029_8c_ae5f93d1f36ce0cc8bf846f19f4e58839_icgraph.pdf Graph
ic file (type pdf)
<use 20252_2_ejemplo029_8c_ae5f93d1f36ce0cc8bf846f19f4e58839_icgraph.pdf>
Package pdftex.def Info: 20252_2_ejemplo029_8c_ae5f93d1f36ce0cc8bf846f19f4e5883
9_icgraph.pdf  used on input line 143.
(pdftex.def)             Requested size: 190.0pt x 117.00478pt.


[245] <./20252_2_ejemplo029_8c_a2fda12db28c0fc229dc4341617e0e832_cgraph.pdf>
<20252_2_ejemplo029_8c_a2fda12db28c0fc229dc4341617e0e832_cgraph.pdf, id=18952, 
182.6825pt x 117.43875pt>
File: 20252_2_ejemplo029_8c_a2fda12db28c0fc229dc4341617e0e832_cgraph.pdf Graphi
c file (type pdf)
<use 20252_2_ejemplo029_8c_a2fda12db28c0fc229dc4341617e0e832_cgraph.pdf>
Package pdftex.def Info: 20252_2_ejemplo029_8c_a2fda12db28c0fc229dc4341617e0e83
2_cgraph.pdf  used on input line 170.
(pdftex.def)             Requested size: 182.0pt x 117.00478pt.
 <./20252_2_ejemplo029_8c_a2fda12db28c0fc229dc4341617e0e832_icgraph.pdf>
<20252_2_ejemplo029_8c_a2fda12db28c0fc229dc4341617e0e832_icgraph.pdf, id=18960,
 190.7125pt x 117.43875pt>
File: 20252_2_ejemplo029_8c_a2fda12db28c0fc229dc4341617e0e832_icgraph.pdf Graph
ic file (type pdf)
<use 20252_2_ejemplo029_8c_a2fda12db28c0fc229dc4341617e0e832_icgraph.pdf>
Package pdftex.def Info: 20252_2_ejemplo029_8c_a2fda12db28c0fc229dc4341617e0e83
2_icgraph.pdf  used on input line 177.
(pdftex.def)             Requested size: 190.0pt x 117.00478pt.
 <./20252_2_ejemplo029_8c_a63b7b4b182c353d5821b056e74e878c6_icgraph.pdf>
<20252_2_ejemplo029_8c_a63b7b4b182c353d5821b056e74e878c6_icgraph.pdf, id=18972,
 278.03876pt x 99.37125pt>
File: 20252_2_ejemplo029_8c_a63b7b4b182c353d5821b056e74e878c6_icgraph.pdf Graph
ic file (type pdf)
<use 20252_2_ejemplo029_8c_a63b7b4b182c353d5821b056e74e878c6_icgraph.pdf>
Package pdftex.def Info: 20252_2_ejemplo029_8c_a63b7b4b182c353d5821b056e74e878c
6_icgraph.pdf  used on input line 205.
(pdftex.def)             Requested size: 277.0pt x 99.00102pt.


[246] <./20252_2_ejemplo029_8c_ad674d7925a25991b55eefb10d9144cc2_cgraph.pdf>
<20252_2_ejemplo029_8c_ad674d7925a25991b55eefb10d9144cc2_cgraph.pdf, id=18996, 
136.51pt x 117.43875pt>
File: 20252_2_ejemplo029_8c_ad674d7925a25991b55eefb10d9144cc2_cgraph.pdf Graphi
c file (type pdf)
<use 20252_2_ejemplo029_8c_ad674d7925a25991b55eefb10d9144cc2_cgraph.pdf>
Package pdftex.def Info: 20252_2_ejemplo029_8c_ad674d7925a25991b55eefb10d9144cc
2_cgraph.pdf  used on input line 232.
(pdftex.def)             Requested size: 136.0pt x 117.00658pt.
 <./20252_2_ejemplo029_8c_ad674d7925a25991b55eefb10d9144cc2_icgraph.pdf>
<20252_2_ejemplo029_8c_ad674d7925a25991b55eefb10d9144cc2_icgraph.pdf, id=19004,
 283.0575pt x 117.43875pt>
File: 20252_2_ejemplo029_8c_ad674d7925a25991b55eefb10d9144cc2_icgraph.pdf Graph
ic file (type pdf)
<use 20252_2_ejemplo029_8c_ad674d7925a25991b55eefb10d9144cc2_icgraph.pdf>
Package pdftex.def Info: 20252_2_ejemplo029_8c_ad674d7925a25991b55eefb10d9144cc
2_icgraph.pdf  used on input line 239.
(pdftex.def)             Requested size: 282.0pt x 117.01016pt.
 <./20252_2_ejemplo029_8c_a3b0c9965e3b03dbc43b1c6843a0bc3df_cgraph.pdf>
<20252_2_ejemplo029_8c_a3b0c9965e3b03dbc43b1c6843a0bc3df_cgraph.pdf, id=19018, 
109.40875pt x 117.43875pt>
File: 20252_2_ejemplo029_8c_a3b0c9965e3b03dbc43b1c6843a0bc3df_cgraph.pdf Graphi
c file (type pdf)
<use 20252_2_ejemplo029_8c_a3b0c9965e3b03dbc43b1c6843a0bc3df_cgraph.pdf>
Package pdftex.def Info: 20252_2_ejemplo029_8c_a3b0c9965e3b03dbc43b1c6843a0bc3d
f_cgraph.pdf  used on input line 266.
(pdftex.def)             Requested size: 109.0pt x 117.0012pt.


[247] <./20252_2_ejemplo029_8c_a3b0c9965e3b03dbc43b1c6843a0bc3df_icgraph.pdf>
<20252_2_ejemplo029_8c_a3b0c9965e3b03dbc43b1c6843a0bc3df_icgraph.pdf, id=19035,
 255.95625pt x 228.855pt>
File: 20252_2_ejemplo029_8c_a3b0c9965e3b03dbc43b1c6843a0bc3df_icgraph.pdf Graph
ic file (type pdf)
<use 20252_2_ejemplo029_8c_a3b0c9965e3b03dbc43b1c6843a0bc3df_icgraph.pdf>
Package pdftex.def Info: 20252_2_ejemplo029_8c_a3b0c9965e3b03dbc43b1c6843a0bc3d
f_icgraph.pdf  used on input line 273.
(pdftex.def)             Requested size: 255.0pt x 227.99887pt.
 <./20252_2_ejemplo029_8c_a0ddf1224851353fc92bfbff6f499fa97_cgraph.pdf>
<20252_2_ejemplo029_8c_a0ddf1224851353fc92bfbff6f499fa97_cgraph.pdf, id=19055, 
285.065pt x 329.23pt>
File: 20252_2_ejemplo029_8c_a0ddf1224851353fc92bfbff6f499fa97_cgraph.pdf Graphi
c file (type pdf)
<use 20252_2_ejemplo029_8c_a0ddf1224851353fc92bfbff6f499fa97_cgraph.pdf>
Package pdftex.def Info: 20252_2_ejemplo029_8c_a0ddf1224851353fc92bfbff6f499fa9
7_cgraph.pdf  used on input line 313.
(pdftex.def)             Requested size: 284.0pt x 327.99838pt.


[248] <./20252_2_ejemplo029_8c_a86313a83edd6077f525961630514b553_icgraph.pdf>
<20252_2_ejemplo029_8c_a86313a83edd6077f525961630514b553_icgraph.pdf, id=19075,
 280.04625pt x 99.37125pt>
File: 20252_2_ejemplo029_8c_a86313a83edd6077f525961630514b553_icgraph.pdf Graph
ic file (type pdf)
<use 20252_2_ejemplo029_8c_a86313a83edd6077f525961630514b553_icgraph.pdf>
Package pdftex.def Info: 20252_2_ejemplo029_8c_a86313a83edd6077f525961630514b55
3_icgraph.pdf  used on input line 341.
(pdftex.def)             Requested size: 279.0pt x 99.00406pt.


[249] <./20252_2_ejemplo029_8c_a87e6f4b821fe36b0134abe30cd753187_cgraph.pdf>
<20252_2_ejemplo029_8c_a87e6f4b821fe36b0134abe30cd753187_cgraph.pdf, id=19099, 
138.5175pt x 117.43875pt>
File: 20252_2_ejemplo029_8c_a87e6f4b821fe36b0134abe30cd753187_cgraph.pdf Graphi
c file (type pdf)
<use 20252_2_ejemplo029_8c_a87e6f4b821fe36b0134abe30cd753187_cgraph.pdf>
Package pdftex.def Info: 20252_2_ejemplo029_8c_a87e6f4b821fe36b0134abe30cd75318
7_cgraph.pdf  used on input line 368.
(pdftex.def)             Requested size: 138.0pt x 117.0012pt.
 <./20252_2_ejemplo029_8c_a87e6f4b821fe36b0134abe30cd753187_icgraph.pdf>
<20252_2_ejemplo029_8c_a87e6f4b821fe36b0134abe30cd753187_icgraph.pdf, id=19107,
 285.065pt x 117.43875pt>
File: 20252_2_ejemplo029_8c_a87e6f4b821fe36b0134abe30cd753187_icgraph.pdf Graph
ic file (type pdf)
<use 20252_2_ejemplo029_8c_a87e6f4b821fe36b0134abe30cd753187_icgraph.pdf>
Package pdftex.def Info: 20252_2_ejemplo029_8c_a87e6f4b821fe36b0134abe30cd75318
7_icgraph.pdf  used on input line 375.
(pdftex.def)             Requested size: 284.0pt x 116.9994pt.
) (./20252_2_ejemplo029_8c_source.tex

[250]) (./20261_2src_2_ejemplo029_8c.tex

[251] <./20261_2src_2_ejemplo029_8c__incl.pdf>
<20261_2src_2_ejemplo029_8c__incl.pdf, id=19325, 218.8175pt x 155.58125pt>
File: 20261_2src_2_ejemplo029_8c__incl.pdf Graphic file (type pdf)
<use 20261_2src_2_ejemplo029_8c__incl.pdf>
Package pdftex.def Info: 20261_2src_2_ejemplo029_8c__incl.pdf  used on input li
ne 14.
(pdftex.def)             Requested size: 218.0pt x 155.0016pt.

Underfull \hbox (badness 10000) detected at line 36
[][][]
 []


Underfull \hbox (badness 10000) detected at line 43
[][][]
 []


Underfull \hbox (badness 10000) detected at line 49
[][][]
 []



[252]) (./20261_2src_2_ejemplo029_8c_source.tex

[253]) (./20252_2_ejemplo030_8c.tex <./20252_2_ejemplo030_8c__incl.pdf>
<20252_2_ejemplo030_8c__incl.pdf, id=19425, 201.75375pt x 155.58125pt>
File: 20252_2_ejemplo030_8c__incl.pdf Graphic file (type pdf)
<use 20252_2_ejemplo030_8c__incl.pdf>
Package pdftex.def Info: 20252_2_ejemplo030_8c__incl.pdf  used on input line 8.

(pdftex.def)             Requested size: 201.0pt x 155.0016pt.


[254] <./20252_2_ejemplo030_8c_ad168a5062c0502f7c9f2f99a646cf988_cgraph.pdf>
<20252_2_ejemplo030_8c_ad168a5062c0502f7c9f2f99a646cf988_cgraph.pdf, id=19518, 
125.46875pt x 117.43875pt>
File: 20252_2_ejemplo030_8c_ad168a5062c0502f7c9f2f99a646cf988_cgraph.pdf Graphi
c file (type pdf)
<use 20252_2_ejemplo030_8c_ad168a5062c0502f7c9f2f99a646cf988_cgraph.pdf>
Package pdftex.def Info: 20252_2_ejemplo030_8c_ad168a5062c0502f7c9f2f99a646cf98
8_cgraph.pdf  used on input line 44.
(pdftex.def)             Requested size: 125.0pt x 117.00658pt.
 <./20252_2_ejemplo030_8c_ad168a5062c0502f7c9f2f99a646cf988_icgraph.pdf>
<20252_2_ejemplo030_8c_ad168a5062c0502f7c9f2f99a646cf988_icgraph.pdf, id=19526,
 198.7425pt x 117.43875pt>
File: 20252_2_ejemplo030_8c_ad168a5062c0502f7c9f2f99a646cf988_icgraph.pdf Graph
ic file (type pdf)
<use 20252_2_ejemplo030_8c_ad168a5062c0502f7c9f2f99a646cf988_icgraph.pdf>
Package pdftex.def Info: 20252_2_ejemplo030_8c_ad168a5062c0502f7c9f2f99a646cf98
8_icgraph.pdf  used on input line 51.
(pdftex.def)             Requested size: 198.0pt x 117.00299pt.


[255] <./20252_2_ejemplo030_8c_a0ddf1224851353fc92bfbff6f499fa97_cgraph.pdf>
<20252_2_ejemplo030_8c_a0ddf1224851353fc92bfbff6f499fa97_cgraph.pdf, id=19556, 
198.7425pt x 117.43875pt>
File: 20252_2_ejemplo030_8c_a0ddf1224851353fc92bfbff6f499fa97_cgraph.pdf Graphi
c file (type pdf)
<use 20252_2_ejemplo030_8c_a0ddf1224851353fc92bfbff6f499fa97_cgraph.pdf>
Package pdftex.def Info: 20252_2_ejemplo030_8c_a0ddf1224851353fc92bfbff6f499fa9
7_cgraph.pdf  used on input line 87.
(pdftex.def)             Requested size: 198.0pt x 117.00299pt.
) (./20252_2_ejemplo030_8c_source.tex

[256]) (./20261_2src_2_ejemplo030_8c.tex <./20261_2src_2_ejemplo030_8c__incl.pd
f>
<20261_2src_2_ejemplo030_8c__incl.pdf, id=19601, 218.8175pt x 155.58125pt>
File: 20261_2src_2_ejemplo030_8c__incl.pdf Graphic file (type pdf)
<use 20261_2src_2_ejemplo030_8c__incl.pdf>
Package pdftex.def Info: 20261_2src_2_ejemplo030_8c__incl.pdf  used on input li
ne 13.
(pdftex.def)             Requested size: 218.0pt x 155.0016pt.

Underfull \hbox (badness 10000) detected at line 39
[][][]
 []


Underfull \hbox (badness 10000) detected at line 47
[][][]
 []


Underfull \hbox (badness 10000) detected at line 54
[][][]
 []



[257]
Underfull \hbox (badness 10000) detected at line 62
[][][]
 []



[258] <./20261_2src_2_ejemplo030_8c_a0ddf1224851353fc92bfbff6f499fa97_cgraph.pd
f>
<20261_2src_2_ejemplo030_8c_a0ddf1224851353fc92bfbff6f499fa97_cgraph.pdf, id=19
669, 182.6825pt x 117.43875pt>
File: 20261_2src_2_ejemplo030_8c_a0ddf1224851353fc92bfbff6f499fa97_cgraph.pdf G
raphic file (type pdf)
<use 20261_2src_2_ejemplo030_8c_a0ddf1224851353fc92bfbff6f499fa97_cgraph.pdf>
Package pdftex.def Info: 20261_2src_2_ejemplo030_8c_a0ddf1224851353fc92bfbff6f4
99fa97_cgraph.pdf  used on input line 187.
(pdftex.def)             Requested size: 182.0pt x 117.00478pt.
) (./20261_2src_2_ejemplo030_8c_source.tex

[259]) (./20252_2_ejemplo031_8c.tex <./20252_2_ejemplo031_8c__incl.pdf>
<20252_2_ejemplo031_8c__incl.pdf, id=19741, 201.75375pt x 155.58125pt>
File: 20252_2_ejemplo031_8c__incl.pdf Graphic file (type pdf)
<use 20252_2_ejemplo031_8c__incl.pdf>
Package pdftex.def Info: 20252_2_ejemplo031_8c__incl.pdf  used on input line 8.

(pdftex.def)             Requested size: 201.0pt x 155.0016pt.


[260]) (./20252_2_ejemplo031_8c_source.tex) (./20261_2src_2_ejemplo031_8c.tex <
./20261_2src_2_ejemplo031_8c__incl.pdf>
<20261_2src_2_ejemplo031_8c__incl.pdf, id=19815, 317.185pt x 155.58125pt>
File: 20261_2src_2_ejemplo031_8c__incl.pdf Graphic file (type pdf)
<use 20261_2src_2_ejemplo031_8c__incl.pdf>
Package pdftex.def Info: 20261_2src_2_ejemplo031_8c__incl.pdf  used on input li
ne 16.
(pdftex.def)             Requested size: 316.0pt x 155.01347pt.


[261]
Underfull \hbox (badness 10000) detected at line 61
[][][]
 []


Underfull \hbox (badness 10000) detected at line 72
[][][]
 []


Underfull \hbox (badness 10000) detected at line 79
[][][]
 []


Underfull \hbox (badness 10000) detected at line 82
[][][]
 []



[262]

[263] <./20261_2src_2_ejemplo031_8c_a0ddf1224851353fc92bfbff6f499fa97_cgraph.pd
f>
<20261_2src_2_ejemplo031_8c_a0ddf1224851353fc92bfbff6f499fa97_cgraph.pdf, id=19
925, 275.0275pt x 117.43875pt>
File: 20261_2src_2_ejemplo031_8c_a0ddf1224851353fc92bfbff6f499fa97_cgraph.pdf G
raphic file (type pdf)
<use 20261_2src_2_ejemplo031_8c_a0ddf1224851353fc92bfbff6f499fa97_cgraph.pdf>
Package pdftex.def Info: 20261_2src_2_ejemplo031_8c_a0ddf1224851353fc92bfbff6f4
99fa97_cgraph.pdf  used on input line 270.
(pdftex.def)             Requested size: 274.0pt x 117.01016pt.
) (./20261_2src_2_ejemplo031_8c_source.tex

[264]

[265]) (./20252_2_ejemplo032_8c.tex <./20252_2_ejemplo032_8c__incl.pdf>
<20252_2_ejemplo032_8c__incl.pdf, id=20087, 201.75375pt x 155.58125pt>
File: 20252_2_ejemplo032_8c__incl.pdf Graphic file (type pdf)
<use 20252_2_ejemplo032_8c__incl.pdf>
Package pdftex.def Info: 20252_2_ejemplo032_8c__incl.pdf  used on input line 9.

(pdftex.def)             Requested size: 201.0pt x 155.0016pt.


[266]) (./20252_2_ejemplo032_8c_source.tex) (./20261_2src_2_ejemplo032_8c.tex <
./20261_2src_2_ejemplo032_8c__incl.pdf>
<20261_2src_2_ejemplo032_8c__incl.pdf, id=20169, 218.8175pt x 155.58125pt>
File: 20261_2src_2_ejemplo032_8c__incl.pdf Graphic file (type pdf)
<use 20261_2src_2_ejemplo032_8c__incl.pdf>
Package pdftex.def Info: 20261_2src_2_ejemplo032_8c__incl.pdf  used on input li
ne 14.
(pdftex.def)             Requested size: 218.0pt x 155.0016pt.


[267]
Underfull \hbox (badness 10000) detected at line 50
[][][]
 []


Underfull \hbox (badness 10000) detected at line 58
[][][]
 []


Underfull \hbox (badness 10000) detected at line 64
[][][]
 []


Underfull \hbox (badness 10000) detected at line 67
[][][]
 []



[268]

[269]) (./20261_2src_2_ejemplo032_8c_source.tex

[270]

[271]) (./20252_2_ejemplo033_8c.tex <./20252_2_ejemplo033_8c__incl.pdf>
<20252_2_ejemplo033_8c__incl.pdf, id=20428, 201.75375pt x 155.58125pt>
File: 20252_2_ejemplo033_8c__incl.pdf Graphic file (type pdf)
<use 20252_2_ejemplo033_8c__incl.pdf>
Package pdftex.def Info: 20252_2_ejemplo033_8c__incl.pdf  used on input line 9.

(pdftex.def)             Requested size: 201.0pt x 155.0016pt.


[272] <./20252_2_ejemplo033_8c_a6a85029730d5a524d90a17887b2ec009_cgraph.pdf>
<20252_2_ejemplo033_8c_a6a85029730d5a524d90a17887b2ec009_cgraph.pdf, id=20500, 
182.6825pt x 117.43875pt>
File: 20252_2_ejemplo033_8c_a6a85029730d5a524d90a17887b2ec009_cgraph.pdf Graphi
c file (type pdf)
<use 20252_2_ejemplo033_8c_a6a85029730d5a524d90a17887b2ec009_cgraph.pdf>
Package pdftex.def Info: 20252_2_ejemplo033_8c_a6a85029730d5a524d90a17887b2ec00
9_cgraph.pdf  used on input line 77.
(pdftex.def)             Requested size: 182.0pt x 117.00478pt.
 <./20252_2_ejemplo033_8c_a6a85029730d5a524d90a17887b2ec009_icgraph.pdf>
<20252_2_ejemplo033_8c_a6a85029730d5a524d90a17887b2ec009_icgraph.pdf, id=20508,
 190.7125pt x 99.37125pt>
File: 20252_2_ejemplo033_8c_a6a85029730d5a524d90a17887b2ec009_icgraph.pdf Graph
ic file (type pdf)
<use 20252_2_ejemplo033_8c_a6a85029730d5a524d90a17887b2ec009_icgraph.pdf>
Package pdftex.def Info: 20252_2_ejemplo033_8c_a6a85029730d5a524d90a17887b2ec00
9_icgraph.pdf  used on input line 84.
(pdftex.def)             Requested size: 190.0pt x 99.00406pt.
 <./20252_2_ejemplo033_8c_a0ddf1224851353fc92bfbff6f499fa97_cgraph.pdf>
<20252_2_ejemplo033_8c_a0ddf1224851353fc92bfbff6f499fa97_cgraph.pdf, id=20528, 
269.005pt x 172.645pt>
File: 20252_2_ejemplo033_8c_a0ddf1224851353fc92bfbff6f499fa97_cgraph.pdf Graphi
c file (type pdf)
<use 20252_2_ejemplo033_8c_a0ddf1224851353fc92bfbff6f499fa97_cgraph.pdf>
Package pdftex.def Info: 20252_2_ejemplo033_8c_a0ddf1224851353fc92bfbff6f499fa9
7_cgraph.pdf  used on input line 118.
(pdftex.def)             Requested size: 268.0pt x 172.00177pt.


[273] <./20252_2_ejemplo033_8c_a1e92a5cdc2b951433cf56d4a26d52f9a_cgraph.pdf>
<20252_2_ejemplo033_8c_a1e92a5cdc2b951433cf56d4a26d52f9a_cgraph.pdf, id=20559, 
125.46875pt x 117.43875pt>
File: 20252_2_ejemplo033_8c_a1e92a5cdc2b951433cf56d4a26d52f9a_cgraph.pdf Graphi
c file (type pdf)
<use 20252_2_ejemplo033_8c_a1e92a5cdc2b951433cf56d4a26d52f9a_cgraph.pdf>
Package pdftex.def Info: 20252_2_ejemplo033_8c_a1e92a5cdc2b951433cf56d4a26d52f9
a_cgraph.pdf  used on input line 148.
(pdftex.def)             Requested size: 125.0pt x 117.00658pt.
 <./20252_2_ejemplo033_8c_a1e92a5cdc2b951433cf56d4a26d52f9a_icgraph.pdf>
<20252_2_ejemplo033_8c_a1e92a5cdc2b951433cf56d4a26d52f9a_icgraph.pdf, id=20567,
 125.46875pt x 117.43875pt>
File: 20252_2_ejemplo033_8c_a1e92a5cdc2b951433cf56d4a26d52f9a_icgraph.pdf Graph
ic file (type pdf)
<use 20252_2_ejemplo033_8c_a1e92a5cdc2b951433cf56d4a26d52f9a_icgraph.pdf>
Package pdftex.def Info: 20252_2_ejemplo033_8c_a1e92a5cdc2b951433cf56d4a26d52f9
a_icgraph.pdf  used on input line 155.
(pdftex.def)             Requested size: 125.0pt x 117.00658pt.


[274] <./20252_2_ejemplo033_8c_aba27e65a67c107a11ea2088f75cc039d_cgraph.pdf>
<20252_2_ejemplo033_8c_aba27e65a67c107a11ea2088f75cc039d_cgraph.pdf, id=20602, 
130.4875pt x 117.43875pt>
File: 20252_2_ejemplo033_8c_aba27e65a67c107a11ea2088f75cc039d_cgraph.pdf Graphi
c file (type pdf)
<use 20252_2_ejemplo033_8c_aba27e65a67c107a11ea2088f75cc039d_cgraph.pdf>
Package pdftex.def Info: 20252_2_ejemplo033_8c_aba27e65a67c107a11ea2088f75cc039
d_cgraph.pdf  used on input line 186.
(pdftex.def)             Requested size: 130.0pt x 117.0012pt.
 <./20252_2_ejemplo033_8c_aba27e65a67c107a11ea2088f75cc039d_icgraph.pdf>
<20252_2_ejemplo033_8c_aba27e65a67c107a11ea2088f75cc039d_icgraph.pdf, id=20610,
 203.76125pt x 117.43875pt>
File: 20252_2_ejemplo033_8c_aba27e65a67c107a11ea2088f75cc039d_icgraph.pdf Graph
ic file (type pdf)
<use 20252_2_ejemplo033_8c_aba27e65a67c107a11ea2088f75cc039d_icgraph.pdf>
Package pdftex.def Info: 20252_2_ejemplo033_8c_aba27e65a67c107a11ea2088f75cc039
d_icgraph.pdf  used on input line 193.
(pdftex.def)             Requested size: 203.0pt x 117.00478pt.
) (./20252_2_ejemplo033_8c_source.tex

[275]) (./20261_2src_2_ejemplo033_8c.tex <./20261_2src_2_ejemplo033_8c__incl.pd
f>
<20261_2src_2_ejemplo033_8c__incl.pdf, id=20712, 251.94125pt x 155.58125pt>
File: 20261_2src_2_ejemplo033_8c__incl.pdf Graphic file (type pdf)
<use 20261_2src_2_ejemplo033_8c__incl.pdf>
Package pdftex.def Info: 20261_2src_2_ejemplo033_8c__incl.pdf  used on input li
ne 15.
(pdftex.def)             Requested size: 251.0pt x 155.0016pt.


[276]
LaTeX Font Info:    Font shape `T1/phv/m/n' will be
(Font)              scaled to size 4.49997pt on input line 48.

Underfull \hbox (badness 10000) detected at line 51
[][][]
 []


Underfull \hbox (badness 10000) detected at line 57
[][][]
 []


Underfull \hbox (badness 10000) detected at line 65
[][][]
 []


Underfull \hbox (badness 10000) detected at line 68
[][][]
 []



[277]

[278]) (./20261_2src_2_ejemplo033_8c_source.tex) (./20252_2_ejemplo034_8c.tex <
./20252_2_ejemplo034_8c__incl.pdf>
<20252_2_ejemplo034_8c__incl.pdf, id=20879, 201.75375pt x 155.58125pt>
File: 20252_2_ejemplo034_8c__incl.pdf Graphic file (type pdf)
<use 20252_2_ejemplo034_8c__incl.pdf>
Package pdftex.def Info: 20252_2_ejemplo034_8c__incl.pdf  used on input line 8.

(pdftex.def)             Requested size: 201.0pt x 155.0016pt.


[279]

[280]) (./20252_2_ejemplo034_8c_source.tex) (./20261_2src_2_ejemplo034_8c.tex

[281] <./20261_2src_2_ejemplo034_8c__incl.pdf>
<20261_2src_2_ejemplo034_8c__incl.pdf, id=21098, 317.185pt x 155.58125pt>
File: 20261_2src_2_ejemplo034_8c__incl.pdf Graphic file (type pdf)
<use 20261_2src_2_ejemplo034_8c__incl.pdf>
Package pdftex.def Info: 20261_2src_2_ejemplo034_8c__incl.pdf  used on input li
ne 16.
(pdftex.def)             Requested size: 316.0pt x 155.01347pt.

Underfull \hbox (badness 10000) detected at line 52
[][][]
 []


Underfull \hbox (badness 10000) detected at line 55
[][][]
 []



[282]
Underfull \hbox (badness 10000) detected at line 58
[][][]
 []



[283]

[284]

[285]) (./20261_2src_2_ejemplo034_8c_source.tex

[286]

[287]) (./_ejemplo034__2_8c.tex <./_ejemplo034__2_8c__incl.pdf>
<_ejemplo034__2_8c__incl.pdf, id=21416, 317.185pt x 155.58125pt>
File: _ejemplo034__2_8c__incl.pdf Graphic file (type pdf)
<use _ejemplo034__2_8c__incl.pdf>
Package pdftex.def Info: _ejemplo034__2_8c__incl.pdf  used on input line 16.
(pdftex.def)             Requested size: 316.0pt x 155.01347pt.


[288]
Underfull \hbox (badness 10000) detected at line 56
[][][]
 []


Underfull \hbox (badness 10000) detected at line 59
[][][]
 []


Underfull \hbox (badness 10000) detected at line 67
[][][]
 []



[289]

[290]

[291]) (./_ejemplo034__2_8c_source.tex

[292]

[293]) (./20252_2_ejemplo035_8c.tex <./20252_2_ejemplo035_8c__incl.pdf>
<20252_2_ejemplo035_8c__incl.pdf, id=21723, 201.75375pt x 155.58125pt>
File: 20252_2_ejemplo035_8c__incl.pdf Graphic file (type pdf)
<use 20252_2_ejemplo035_8c__incl.pdf>
Package pdftex.def Info: 20252_2_ejemplo035_8c__incl.pdf  used on input line 8.

(pdftex.def)             Requested size: 201.0pt x 155.0016pt.


[294]) (./20252_2_ejemplo035_8c_source.tex

[295]) (./20261_2src_2_ejemplo035_8c.tex <./20261_2src_2_ejemplo035_8c__incl.pd
f>
<20261_2src_2_ejemplo035_8c__incl.pdf, id=21927, 218.8175pt x 155.58125pt>
File: 20261_2src_2_ejemplo035_8c__incl.pdf Graphic file (type pdf)
<use 20261_2src_2_ejemplo035_8c__incl.pdf>
Package pdftex.def Info: 20261_2src_2_ejemplo035_8c__incl.pdf  used on input li
ne 13.
(pdftex.def)             Requested size: 218.0pt x 155.0016pt.


[296]
Underfull \hbox (badness 10000) detected at line 56
[][][]
 []


Underfull \hbox (badness 10000) detected at line 59
[][][]
 []


Underfull \hbox (badness 10000) detected at line 68
[][][]
 []



[297]

[298]) (./20261_2src_2_ejemplo035_8c_source.tex

[299]

[300]) (./20252_2_ejemplo036_8c.tex <./20252_2_ejemplo036_8c__incl.pdf>
<20252_2_ejemplo036_8c__incl.pdf, id=22176, 201.75375pt x 155.58125pt>
File: 20252_2_ejemplo036_8c__incl.pdf Graphic file (type pdf)
<use 20252_2_ejemplo036_8c__incl.pdf>
Package pdftex.def Info: 20252_2_ejemplo036_8c__incl.pdf  used on input line 8.

(pdftex.def)             Requested size: 201.0pt x 155.0016pt.


[301]) (./20252_2_ejemplo036_8c_source.tex) (./20261_2src_2_ejemplo036_8c.tex <
./20261_2src_2_ejemplo036_8c__incl.pdf>
<20261_2src_2_ejemplo036_8c__incl.pdf, id=22232, 218.8175pt x 155.58125pt>
File: 20261_2src_2_ejemplo036_8c__incl.pdf Graphic file (type pdf)
<use 20261_2src_2_ejemplo036_8c__incl.pdf>
Package pdftex.def Info: 20261_2src_2_ejemplo036_8c__incl.pdf  used on input li
ne 13.
(pdftex.def)             Requested size: 218.0pt x 155.0016pt.


[302]

[303]
Underfull \hbox (badness 10000) detected at line 60
[][][]
 []


Underfull \hbox (badness 10000) detected at line 67
[][][]
 []


Underfull \hbox (badness 10000) detected at line 75
[][][]
 []


Underfull \hbox (badness 10000) detected at line 85
[][][]
 []

> Step: init table outer spec.
> Step: parse table options.
> Step: split table.
> Step: init table inner spec.
> Step: parse table inner spec.
> Step: execute table commands.
> Step: calculate cell and line sizes.
> Step: build the whole table.
> Step: init table outer spec.
> Step: parse table options.
> Step: split table.
> Step: init table inner spec.
> Step: parse table inner spec.
> Step: execute table commands.
> Step: calculate cell and line sizes.
> Step: build the whole table.

Underfull \hbox (badness 10000) detected at line 127
[][][]
 []

 <./20261_2src_2_ejemplo036_8c_aa92b28610ab25943ec0fea1785eeddc8_cgraph.pdf>
<20261_2src_2_ejemplo036_8c_aa92b28610ab25943ec0fea1785eeddc8_cgraph.pdf, id=22
354, 191.71625pt x 136.51pt>
File: 20261_2src_2_ejemplo036_8c_aa92b28610ab25943ec0fea1785eeddc8_cgraph.pdf G
raphic file (type pdf)
<use 20261_2src_2_ejemplo036_8c_aa92b28610ab25943ec0fea1785eeddc8_cgraph.pdf>
Package pdftex.def Info: 20261_2src_2_ejemplo036_8c_aa92b28610ab25943ec0fea1785
eeddc8_cgraph.pdf  used on input line 151.
(pdftex.def)             Requested size: 191.0pt x 136.00766pt.


[304] <./20261_2src_2_ejemplo036_8c_aa92b28610ab25943ec0fea1785eeddc8_icgraph.p
df>
<20261_2src_2_ejemplo036_8c_aa92b28610ab25943ec0fea1785eeddc8_icgraph.pdf, id=2
2371, 190.7125pt x 99.37125pt>
File: 20261_2src_2_ejemplo036_8c_aa92b28610ab25943ec0fea1785eeddc8_icgraph.pdf 
Graphic file (type pdf)
<use 20261_2src_2_ejemplo036_8c_aa92b28610ab25943ec0fea1785eeddc8_icgraph.pdf>
Package pdftex.def Info: 20261_2src_2_ejemplo036_8c_aa92b28610ab25943ec0fea1785
eeddc8_icgraph.pdf  used on input line 158.
(pdftex.def)             Requested size: 190.0pt x 99.00406pt.
> Step: init table outer spec.
> Step: parse table options.
> Step: split table.
> Step: init table inner spec.
> Step: parse table inner spec.
> Step: execute table commands.
> Step: calculate cell and line sizes.
> Step: build the whole table.
> Step: init table outer spec.
> Step: parse table options.
> Step: split table.
> Step: init table inner spec.
> Step: parse table inner spec.
> Step: execute table commands.
> Step: calculate cell and line sizes.
> Step: build the whole table.

Underfull \hbox (badness 10000) detected at line 182
[][][]
 []

 <./20261_2src_2_ejemplo036_8c_a61f654e06f7acb3b4ac04977f042795c_cgraph.pdf>
<20261_2src_2_ejemplo036_8c_a61f654e06f7acb3b4ac04977f042795c_cgraph.pdf, id=22
389, 191.71625pt x 154.5775pt>
File: 20261_2src_2_ejemplo036_8c_a61f654e06f7acb3b4ac04977f042795c_cgraph.pdf G
raphic file (type pdf)
<use 20261_2src_2_ejemplo036_8c_a61f654e06f7acb3b4ac04977f042795c_cgraph.pdf>
Package pdftex.def Info: 20261_2src_2_ejemplo036_8c_a61f654e06f7acb3b4ac04977f0
42795c_cgraph.pdf  used on input line 200.
(pdftex.def)             Requested size: 191.0pt x 154.00865pt.


[305] <./20261_2src_2_ejemplo036_8c_a61f654e06f7acb3b4ac04977f042795c_icgraph.p
df>
<20261_2src_2_ejemplo036_8c_a61f654e06f7acb3b4ac04977f042795c_icgraph.pdf, id=2
2406, 190.7125pt x 117.43875pt>
File: 20261_2src_2_ejemplo036_8c_a61f654e06f7acb3b4ac04977f042795c_icgraph.pdf 
Graphic file (type pdf)
<use 20261_2src_2_ejemplo036_8c_a61f654e06f7acb3b4ac04977f042795c_icgraph.pdf>
Package pdftex.def Info: 20261_2src_2_ejemplo036_8c_a61f654e06f7acb3b4ac04977f0
42795c_icgraph.pdf  used on input line 207.
(pdftex.def)             Requested size: 190.0pt x 117.00478pt.
> Step: init table outer spec.
> Step: parse table options.
> Step: split table.
> Step: init table inner spec.
> Step: parse table inner spec.
> Step: execute table commands.
> Step: calculate cell and line sizes.
> Step: build the whole table.
> Step: init table outer spec.
> Step: parse table options.
> Step: split table.
> Step: init table inner spec.
> Step: parse table inner spec.
> Step: execute table commands.
> Step: calculate cell and line sizes.
> Step: build the whole table.

Underfull \hbox (badness 10000) detected at line 231
[][][]
 []

 <./20261_2src_2_ejemplo036_8c_aac2909aa40da9e395e1503b9688e5972_cgraph.pdf>
<20261_2src_2_ejemplo036_8c_aac2909aa40da9e395e1503b9688e5972_cgraph.pdf, id=22
422, 182.6825pt x 117.43875pt>
File: 20261_2src_2_ejemplo036_8c_aac2909aa40da9e395e1503b9688e5972_cgraph.pdf G
raphic file (type pdf)
<use 20261_2src_2_ejemplo036_8c_aac2909aa40da9e395e1503b9688e5972_cgraph.pdf>
Package pdftex.def Info: 20261_2src_2_ejemplo036_8c_aac2909aa40da9e395e1503b968
8e5972_cgraph.pdf  used on input line 249.
(pdftex.def)             Requested size: 182.0pt x 117.00478pt.


[306] <./20261_2src_2_ejemplo036_8c_aac2909aa40da9e395e1503b9688e5972_icgraph.p
df>
<20261_2src_2_ejemplo036_8c_aac2909aa40da9e395e1503b9688e5972_icgraph.pdf, id=2
2439, 190.7125pt x 117.43875pt>
File: 20261_2src_2_ejemplo036_8c_aac2909aa40da9e395e1503b9688e5972_icgraph.pdf 
Graphic file (type pdf)
<use 20261_2src_2_ejemplo036_8c_aac2909aa40da9e395e1503b9688e5972_icgraph.pdf>
Package pdftex.def Info: 20261_2src_2_ejemplo036_8c_aac2909aa40da9e395e1503b968
8e5972_icgraph.pdf  used on input line 256.
(pdftex.def)             Requested size: 190.0pt x 117.00478pt.
> Step: init table outer spec.
> Step: parse table options.
> Step: split table.
> Step: init table inner spec.
> Step: parse table inner spec.
> Step: execute table commands.
> Step: calculate cell and line sizes.
> Step: build the whole table.
> Step: init table outer spec.
> Step: parse table options.
> Step: split table.
> Step: init table inner spec.
> Step: parse table inner spec.
> Step: execute table commands.
> Step: calculate cell and line sizes.
> Step: build the whole table.

Underfull \hbox (badness 10000) detected at line 274
[][][]
 []

 <./20261_2src_2_ejemplo036_8c_a0df0cc2dd381926aef78c76ceb903fc8_icgraph.pdf>
<20261_2src_2_ejemplo036_8c_a0df0cc2dd381926aef78c76ceb903fc8_icgraph.pdf, id=2
2451, 264.99pt x 193.72375pt>
File: 20261_2src_2_ejemplo036_8c_a0df0cc2dd381926aef78c76ceb903fc8_icgraph.pdf 
Graphic file (type pdf)
<use 20261_2src_2_ejemplo036_8c_a0df0cc2dd381926aef78c76ceb903fc8_icgraph.pdf>
Package pdftex.def Info: 20261_2src_2_ejemplo036_8c_a0df0cc2dd381926aef78c76ceb
903fc8_icgraph.pdf  used on input line 298.
(pdftex.def)             Requested size: 264.0pt x 193.01382pt.


[307]
> Step: init table outer spec.
> Step: parse table options.
> Step: split table.
> Step: init table inner spec.
> Step: parse table inner spec.
> Step: execute table commands.
> Step: calculate cell and line sizes.
> Step: build the whole table.
> Step: init table outer spec.
> Step: parse table options.
> Step: split table.
> Step: init table inner spec.
> Step: parse table inner spec.
> Step: execute table commands.
> Step: calculate cell and line sizes.
> Step: build the whole table.

Underfull \hbox (badness 10000) detected at line 321
[][][]
 []

 <./20261_2src_2_ejemplo036_8c_ab474d57f22db312588779a8423dff075_cgraph.pdf>
<20261_2src_2_ejemplo036_8c_ab474d57f22db312588779a8423dff075_cgraph.pdf, id=22
473, 109.40875pt x 117.43875pt>
File: 20261_2src_2_ejemplo036_8c_ab474d57f22db312588779a8423dff075_cgraph.pdf G
raphic file (type pdf)
<use 20261_2src_2_ejemplo036_8c_ab474d57f22db312588779a8423dff075_cgraph.pdf>
Package pdftex.def Info: 20261_2src_2_ejemplo036_8c_ab474d57f22db312588779a8423
dff075_cgraph.pdf  used on input line 339.
(pdftex.def)             Requested size: 109.0pt x 117.0012pt.


[308] <./20261_2src_2_ejemplo036_8c_ab474d57f22db312588779a8423dff075_icgraph.p
df>
<20261_2src_2_ejemplo036_8c_ab474d57f22db312588779a8423dff075_icgraph.pdf, id=2
2489, 255.95625pt x 117.43875pt>
File: 20261_2src_2_ejemplo036_8c_ab474d57f22db312588779a8423dff075_icgraph.pdf 
Graphic file (type pdf)
<use 20261_2src_2_ejemplo036_8c_ab474d57f22db312588779a8423dff075_icgraph.pdf>
Package pdftex.def Info: 20261_2src_2_ejemplo036_8c_ab474d57f22db312588779a8423
dff075_icgraph.pdf  used on input line 346.
(pdftex.def)             Requested size: 255.0pt x 116.9994pt.


[309] <./20261_2src_2_ejemplo036_8c_a0ddf1224851353fc92bfbff6f499fa97_cgraph.pd
f>
<20261_2src_2_ejemplo036_8c_a0ddf1224851353fc92bfbff6f499fa97_cgraph.pdf, id=22
524, 264.99pt x 301.125pt>
File: 20261_2src_2_ejemplo036_8c_a0ddf1224851353fc92bfbff6f499fa97_cgraph.pdf G
raphic file (type pdf)
<use 20261_2src_2_ejemplo036_8c_a0ddf1224851353fc92bfbff6f499fa97_cgraph.pdf>
Package pdftex.def Info: 20261_2src_2_ejemplo036_8c_a0ddf1224851353fc92bfbff6f4
99fa97_cgraph.pdf  used on input line 408.
(pdftex.def)             Requested size: 264.0pt x 300.0215pt.
> Step: init table outer spec.
> Step: parse table options.
> Step: split table.
> Step: init table inner spec.
> Step: parse table inner spec.
> Step: execute table commands.
> Step: calculate cell and line sizes.
> Step: build the whole table.
> Step: init table outer spec.
> Step: parse table options.
> Step: split table.
> Step: init table inner spec.
> Step: parse table inner spec.
> Step: execute table commands.
> Step: calculate cell and line sizes.
> Step: build the whole table.

Underfull \hbox (badness 10000) detected at line 428
[][][]
 []



[310] <./20261_2src_2_ejemplo036_8c_a05eedb2825c7f71eb6b434aa7f369fa6_icgraph.p
df>
<20261_2src_2_ejemplo036_8c_a05eedb2825c7f71eb6b434aa7f369fa6_icgraph.pdf, id=2
2544, 256.96pt x 118.4425pt>
File: 20261_2src_2_ejemplo036_8c_a05eedb2825c7f71eb6b434aa7f369fa6_icgraph.pdf 
Graphic file (type pdf)
<use 20261_2src_2_ejemplo036_8c_a05eedb2825c7f71eb6b434aa7f369fa6_icgraph.pdf>
Package pdftex.def Info: 20261_2src_2_ejemplo036_8c_a05eedb2825c7f71eb6b434aa7f
369fa6_icgraph.pdf  used on input line 452.
(pdftex.def)             Requested size: 256.0pt x 118.00844pt.
> Step: init table outer spec.
> Step: parse table options.
> Step: split table.
> Step: init table inner spec.
> Step: parse table inner spec.
> Step: execute table commands.
> Step: calculate cell and line sizes.
> Step: build the whole table.
> Step: init table outer spec.
> Step: parse table options.
> Step: split table.
> Step: init table inner spec.
> Step: parse table inner spec.
> Step: execute table commands.
> Step: calculate cell and line sizes.
> Step: build the whole table.

Underfull \hbox (badness 10000) detected at line 472
[][][]
 []

 <./20261_2src_2_ejemplo036_8c_a063e87787e9180491b5173ef0cfa636e_cgraph.pdf>
<20261_2src_2_ejemplo036_8c_a063e87787e9180491b5173ef0cfa636e_cgraph.pdf, id=22
558, 115.43124pt x 117.43875pt>
File: 20261_2src_2_ejemplo036_8c_a063e87787e9180491b5173ef0cfa636e_cgraph.pdf G
raphic file (type pdf)
<use 20261_2src_2_ejemplo036_8c_a063e87787e9180491b5173ef0cfa636e_cgraph.pdf>
Package pdftex.def Info: 20261_2src_2_ejemplo036_8c_a063e87787e9180491b5173ef0c
fa636e_cgraph.pdf  used on input line 490.
(pdftex.def)             Requested size: 115.0pt x 117.0012pt.
 <./20261_2src_2_ejemplo036_8c_a063e87787e9180491b5173ef0cfa636e_icgraph.pdf>
<20261_2src_2_ejemplo036_8c_a063e87787e9180491b5173ef0cfa636e_icgraph.pdf, id=2
2566, 261.97874pt x 136.51pt>
File: 20261_2src_2_ejemplo036_8c_a063e87787e9180491b5173ef0cfa636e_icgraph.pdf 
Graphic file (type pdf)
<use 20261_2src_2_ejemplo036_8c_a063e87787e9180491b5173ef0cfa636e_icgraph.pdf>
Package pdftex.def Info: 20261_2src_2_ejemplo036_8c_a063e87787e9180491b5173ef0c
fa636e_icgraph.pdf  used on input line 497.
(pdftex.def)             Requested size: 261.0pt x 136.0035pt.
) (./20261_2src_2_ejemplo036_8c_source.tex

[311]

[312]) (./20252_2_ejemplo037_8c.tex <./20252_2_ejemplo037_8c__incl.pdf>
<20252_2_ejemplo037_8c__incl.pdf, id=22724, 201.75375pt x 155.58125pt>
File: 20252_2_ejemplo037_8c__incl.pdf Graphic file (type pdf)
<use 20252_2_ejemplo037_8c__incl.pdf>
Package pdftex.def Info: 20252_2_ejemplo037_8c__incl.pdf  used on input line 9.

(pdftex.def)             Requested size: 201.0pt x 155.0016pt.


[313]) (./20252_2_ejemplo037_8c_source.tex) (./20261_2src_2_ejemplo037_8c.tex <
./20261_2src_2_ejemplo037_8c__incl.pdf>
<20261_2src_2_ejemplo037_8c__incl.pdf, id=22794, 218.8175pt x 155.58125pt>
File: 20261_2src_2_ejemplo037_8c__incl.pdf Graphic file (type pdf)
<use 20261_2src_2_ejemplo037_8c__incl.pdf>
Package pdftex.def Info: 20261_2src_2_ejemplo037_8c__incl.pdf  used on input li
ne 13.
(pdftex.def)             Requested size: 218.0pt x 155.0016pt.


[314]
Underfull \hbox (badness 10000) detected at line 38
[][][]
 []


Underfull \hbox (badness 10000) detected at line 50
[][][]
 []


Underfull \hbox (badness 10000) detected at line 58
[][][]
 []


Underfull \hbox (badness 10000) detected at line 65
[][][]
 []



[315]
Underfull \hbox (badness 10000) detected at line 72
[][][]
 []

 <./20261_2src_2_ejemplo037_8c_a0ddf1224851353fc92bfbff6f499fa97_cgraph.pdf>
<20261_2src_2_ejemplo037_8c_a0ddf1224851353fc92bfbff6f499fa97_cgraph.pdf, id=22
857, 278.03876pt x 117.43875pt>
File: 20261_2src_2_ejemplo037_8c_a0ddf1224851353fc92bfbff6f499fa97_cgraph.pdf G
raphic file (type pdf)
<use 20261_2src_2_ejemplo037_8c_a0ddf1224851353fc92bfbff6f499fa97_cgraph.pdf>
Package pdftex.def Info: 20261_2src_2_ejemplo037_8c_a0ddf1224851353fc92bfbff6f4
99fa97_cgraph.pdf  used on input line 131.
(pdftex.def)             Requested size: 277.0pt x 117.0012pt.
> Step: init table outer spec.
> Step: parse table options.
> Step: split table.
> Step: init table inner spec.
> Step: parse table inner spec.
> Step: execute table commands.
> Step: calculate cell and line sizes.
> Step: build the whole table.
> Step: init table outer spec.
> Step: parse table options.
> Step: split table.
> Step: init table inner spec.
> Step: parse table inner spec.
> Step: execute table commands.
> Step: calculate cell and line sizes.
> Step: build the whole table.


[316]
Underfull \hbox (badness 10000) detected at line 157
[][][]
 []

 <./20261_2src_2_ejemplo037_8c_a34321150021d750a737fafd46e3b7099_cgraph.pdf>
<20261_2src_2_ejemplo037_8c_a34321150021d750a737fafd46e3b7099_cgraph.pdf, id=22
880, 122.4575pt x 117.43875pt>
File: 20261_2src_2_ejemplo037_8c_a34321150021d750a737fafd46e3b7099_cgraph.pdf G
raphic file (type pdf)
<use 20261_2src_2_ejemplo037_8c_a34321150021d750a737fafd46e3b7099_cgraph.pdf>
Package pdftex.def Info: 20261_2src_2_ejemplo037_8c_a34321150021d750a737fafd46e
3b7099_cgraph.pdf  used on input line 183.
(pdftex.def)             Requested size: 122.0pt x 117.00299pt.
 <./20261_2src_2_ejemplo037_8c_a34321150021d750a737fafd46e3b7099_icgraph.pdf>
<20261_2src_2_ejemplo037_8c_a34321150021d750a737fafd46e3b7099_icgraph.pdf, id=2
2888, 278.03876pt x 117.43875pt>
File: 20261_2src_2_ejemplo037_8c_a34321150021d750a737fafd46e3b7099_icgraph.pdf 
Graphic file (type pdf)
<use 20261_2src_2_ejemplo037_8c_a34321150021d750a737fafd46e3b7099_icgraph.pdf>
Package pdftex.def Info: 20261_2src_2_ejemplo037_8c_a34321150021d750a737fafd46e
3b7099_icgraph.pdf  used on input line 190.
(pdftex.def)             Requested size: 277.0pt x 117.0012pt.
> Step: init table outer spec.
> Step: parse table options.
> Step: split table.
> Step: init table inner spec.
> Step: parse table inner spec.
> Step: execute table commands.
> Step: calculate cell and line sizes.
> Step: build the whole table.
> Step: init table outer spec.
> Step: parse table options.
> Step: split table.
> Step: init table inner spec.
> Step: parse table inner spec.
> Step: execute table commands.
> Step: calculate cell and line sizes.
> Step: build the whole table.


[317]
Underfull \hbox (badness 10000) detected at line 217
[][][]
 []

 <./20261_2src_2_ejemplo037_8c_a7e977d4e275e6a93fda5567c54659c76_cgraph.pdf>
<20261_2src_2_ejemplo037_8c_a7e977d4e275e6a93fda5567c54659c76_cgraph.pdf, id=22
914, 204.765pt x 117.43875pt>
File: 20261_2src_2_ejemplo037_8c_a7e977d4e275e6a93fda5567c54659c76_cgraph.pdf G
raphic file (type pdf)
<use 20261_2src_2_ejemplo037_8c_a7e977d4e275e6a93fda5567c54659c76_cgraph.pdf>
Package pdftex.def Info: 20261_2src_2_ejemplo037_8c_a7e977d4e275e6a93fda5567c54
659c76_cgraph.pdf  used on input line 242.
(pdftex.def)             Requested size: 204.0pt x 117.00658pt.
 <./20261_2src_2_ejemplo037_8c_a7e977d4e275e6a93fda5567c54659c76_icgraph.pdf>
<20261_2src_2_ejemplo037_8c_a7e977d4e275e6a93fda5567c54659c76_icgraph.pdf, id=2
2922, 199.74625pt x 117.43875pt>
File: 20261_2src_2_ejemplo037_8c_a7e977d4e275e6a93fda5567c54659c76_icgraph.pdf 
Graphic file (type pdf)
<use 20261_2src_2_ejemplo037_8c_a7e977d4e275e6a93fda5567c54659c76_icgraph.pdf>
Package pdftex.def Info: 20261_2src_2_ejemplo037_8c_a7e977d4e275e6a93fda5567c54
659c76_icgraph.pdf  used on input line 249.
(pdftex.def)             Requested size: 199.0pt x 117.00658pt.
) (./20261_2src_2_ejemplo037_8c_source.tex

[318]) (./20252_2_ejemplo038_8c.tex <./20252_2_ejemplo038_8c__incl.pdf>
<20252_2_ejemplo038_8c__incl.pdf, id=22978, 201.75375pt x 155.58125pt>
File: 20252_2_ejemplo038_8c__incl.pdf Graphic file (type pdf)
<use 20252_2_ejemplo038_8c__incl.pdf>
Package pdftex.def Info: 20252_2_ejemplo038_8c__incl.pdf  used on input line 9.

(pdftex.def)             Requested size: 201.0pt x 155.0016pt.


[319]) (./20252_2_ejemplo038_8c_source.tex) (./20261_2src_2_ejemplo038_8c.tex

[320] <./20261_2src_2_ejemplo038_8c__incl.pdf>
<20261_2src_2_ejemplo038_8c__incl.pdf, id=23088, 218.8175pt x 155.58125pt>
File: 20261_2src_2_ejemplo038_8c__incl.pdf Graphic file (type pdf)
<use 20261_2src_2_ejemplo038_8c__incl.pdf>
Package pdftex.def Info: 20261_2src_2_ejemplo038_8c__incl.pdf  used on input li
ne 13.
(pdftex.def)             Requested size: 218.0pt x 155.0016pt.

Underfull \hbox (badness 10000) detected at line 32
[][][]
 []


Underfull \hbox (badness 10000) detected at line 35
[][][]
 []

) (./20261_2src_2_ejemplo038_8c_source.tex

[321]) (./20252_2_ejemplo039_8c.tex <./20252_2_ejemplo039_8c__incl.pdf>
<20252_2_ejemplo039_8c__incl.pdf, id=23122, 201.75375pt x 155.58125pt>
File: 20252_2_ejemplo039_8c__incl.pdf Graphic file (type pdf)
<use 20252_2_ejemplo039_8c__incl.pdf>
Package pdftex.def Info: 20252_2_ejemplo039_8c__incl.pdf  used on input line 9.

(pdftex.def)             Requested size: 201.0pt x 155.0016pt.


[322] <./20252_2_ejemplo039_8c_a5051952a4a7f19e6360e65f2f6298784_icgraph.pdf>
<20252_2_ejemplo039_8c_a5051952a4a7f19e6360e65f2f6298784_icgraph.pdf, id=23180,
 204.765pt x 99.37125pt>
File: 20252_2_ejemplo039_8c_a5051952a4a7f19e6360e65f2f6298784_icgraph.pdf Graph
ic file (type pdf)
<use 20252_2_ejemplo039_8c_a5051952a4a7f19e6360e65f2f6298784_icgraph.pdf>
Package pdftex.def Info: 20252_2_ejemplo039_8c_a5051952a4a7f19e6360e65f2f629878
4_icgraph.pdf  used on input line 58.
(pdftex.def)             Requested size: 204.0pt x 99.00557pt.
 <./20252_2_ejemplo039_8c_a58fd7d43ff72a781dd6ba00170add78b_icgraph.pdf>
<20252_2_ejemplo039_8c_a58fd7d43ff72a781dd6ba00170add78b_icgraph.pdf, id=23200,
 305.14pt x 118.4425pt>
File: 20252_2_ejemplo039_8c_a58fd7d43ff72a781dd6ba00170add78b_icgraph.pdf Graph
ic file (type pdf)
<use 20252_2_ejemplo039_8c_a58fd7d43ff72a781dd6ba00170add78b_icgraph.pdf>
Package pdftex.def Info: 20252_2_ejemplo039_8c_a58fd7d43ff72a781dd6ba00170add78
b_icgraph.pdf  used on input line 86.
(pdftex.def)             Requested size: 304.0pt x 118.00482pt.
 <./20252_2_ejemplo039_8c_a9d61b48902480191f43cf505d9fadeff_icgraph.pdf>
<20252_2_ejemplo039_8c_a9d61b48902480191f43cf505d9fadeff_icgraph.pdf, id=23214,
 204.765pt x 99.37125pt>
File: 20252_2_ejemplo039_8c_a9d61b48902480191f43cf505d9fadeff_icgraph.pdf Graph
ic file (type pdf)
<use 20252_2_ejemplo039_8c_a9d61b48902480191f43cf505d9fadeff_icgraph.pdf>
Package pdftex.def Info: 20252_2_ejemplo039_8c_a9d61b48902480191f43cf505d9fadef
f_icgraph.pdf  used on input line 117.
(pdftex.def)             Requested size: 204.0pt x 99.00557pt.


[323] <./20252_2_ejemplo039_8c_a0ddf1224851353fc92bfbff6f499fa97_cgraph.pdf>
<20252_2_ejemplo039_8c_a0ddf1224851353fc92bfbff6f499fa97_cgraph.pdf, id=23251, 
305.14pt x 212.795pt>
File: 20252_2_ejemplo039_8c_a0ddf1224851353fc92bfbff6f499fa97_cgraph.pdf Graphi
c file (type pdf)
<use 20252_2_ejemplo039_8c_a0ddf1224851353fc92bfbff6f499fa97_cgraph.pdf>
Package pdftex.def Info: 20252_2_ejemplo039_8c_a0ddf1224851353fc92bfbff6f499fa9
7_cgraph.pdf  used on input line 186.
(pdftex.def)             Requested size: 304.0pt x 212.00868pt.


[324] <./20252_2_ejemplo039_8c_a83a3a7c89d12e03ac452f5cd43a2e568_cgraph.pdf>
<20252_2_ejemplo039_8c_a83a3a7c89d12e03ac452f5cd43a2e568_cgraph.pdf, id=23272, 
231.86626pt x 99.37125pt>
File: 20252_2_ejemplo039_8c_a83a3a7c89d12e03ac452f5cd43a2e568_cgraph.pdf Graphi
c file (type pdf)
<use 20252_2_ejemplo039_8c_a83a3a7c89d12e03ac452f5cd43a2e568_cgraph.pdf>
Package pdftex.def Info: 20252_2_ejemplo039_8c_a83a3a7c89d12e03ac452f5cd43a2e56
8_cgraph.pdf  used on input line 227.
(pdftex.def)             Requested size: 231.0pt x 99.00253pt.
 <./20252_2_ejemplo039_8c_a83a3a7c89d12e03ac452f5cd43a2e568_icgraph.pdf>
<20252_2_ejemplo039_8c_a83a3a7c89d12e03ac452f5cd43a2e568_icgraph.pdf, id=23280,
 213.79875pt x 99.37125pt>
File: 20252_2_ejemplo039_8c_a83a3a7c89d12e03ac452f5cd43a2e568_icgraph.pdf Graph
ic file (type pdf)
<use 20252_2_ejemplo039_8c_a83a3a7c89d12e03ac452f5cd43a2e568_icgraph.pdf>
Package pdftex.def Info: 20252_2_ejemplo039_8c_a83a3a7c89d12e03ac452f5cd43a2e56
8_icgraph.pdf  used on input line 234.
(pdftex.def)             Requested size: 213.0pt x 98.99951pt.
) (./20252_2_ejemplo039_8c_source.tex

[325]

[326]) (./20261_2src_2_ejemplo039_8c.tex <./20261_2src_2_ejemplo039_8c__incl.pd
f>
<20261_2src_2_ejemplo039_8c__incl.pdf, id=23418, 218.8175pt x 155.58125pt>
File: 20261_2src_2_ejemplo039_8c__incl.pdf Graphic file (type pdf)
<use 20261_2src_2_ejemplo039_8c__incl.pdf>
Package pdftex.def Info: 20261_2src_2_ejemplo039_8c__incl.pdf  used on input li
ne 14.
(pdftex.def)             Requested size: 218.0pt x 155.0016pt.


[327]
Underfull \hbox (badness 10000) detected at line 34
[][][]
 []


Underfull \hbox (badness 10000) detected at line 42
[][][]
 []


Underfull \hbox (badness 10000) detected at line 50
[][][]
 []

) (./20261_2src_2_ejemplo039_8c_source.tex

[328]) (./20252_2_ejemplo040_8c.tex <./20252_2_ejemplo040_8c__incl.pdf>
<20252_2_ejemplo040_8c__incl.pdf, id=23511, 201.75375pt x 155.58125pt>
File: 20252_2_ejemplo040_8c__incl.pdf Graphic file (type pdf)
<use 20252_2_ejemplo040_8c__incl.pdf>
Package pdftex.def Info: 20252_2_ejemplo040_8c__incl.pdf  used on input line 9.

(pdftex.def)             Requested size: 201.0pt x 155.0016pt.


[329] <./20252_2_ejemplo040_8c_a06f7ad9bae1093718f62b1735cbae6d8_icgraph.pdf>
<20252_2_ejemplo040_8c_a06f7ad9bae1093718f62b1735cbae6d8_icgraph.pdf, id=23598,
 213.79875pt x 99.37125pt>
File: 20252_2_ejemplo040_8c_a06f7ad9bae1093718f62b1735cbae6d8_icgraph.pdf Graph
ic file (type pdf)
<use 20252_2_ejemplo040_8c_a06f7ad9bae1093718f62b1735cbae6d8_icgraph.pdf>
Package pdftex.def Info: 20252_2_ejemplo040_8c_a06f7ad9bae1093718f62b1735cbae6d
8_icgraph.pdf  used on input line 94.
(pdftex.def)             Requested size: 213.0pt x 98.99951pt.
 <./20252_2_ejemplo040_8c_a58fd7d43ff72a781dd6ba00170add78b_icgraph.pdf>
<20252_2_ejemplo040_8c_a58fd7d43ff72a781dd6ba00170add78b_icgraph.pdf, id=23618,
 231.86626pt x 99.37125pt>
File: 20252_2_ejemplo040_8c_a58fd7d43ff72a781dd6ba00170add78b_icgraph.pdf Graph
ic file (type pdf)
<use 20252_2_ejemplo040_8c_a58fd7d43ff72a781dd6ba00170add78b_icgraph.pdf>
Package pdftex.def Info: 20252_2_ejemplo040_8c_a58fd7d43ff72a781dd6ba00170add78
b_icgraph.pdf  used on input line 122.
(pdftex.def)             Requested size: 231.0pt x 99.00253pt.


[330] <./20252_2_ejemplo040_8c_ab24c246dcb7a1f215f12c3a3fa7e0fbb_icgraph.pdf>
<20252_2_ejemplo040_8c_ab24c246dcb7a1f215f12c3a3fa7e0fbb_icgraph.pdf, id=23657,
 320.19624pt x 118.4425pt>
File: 20252_2_ejemplo040_8c_ab24c246dcb7a1f215f12c3a3fa7e0fbb_icgraph.pdf Graph
ic file (type pdf)
<use 20252_2_ejemplo040_8c_ab24c246dcb7a1f215f12c3a3fa7e0fbb_icgraph.pdf>
Package pdftex.def Info: 20252_2_ejemplo040_8c_ab24c246dcb7a1f215f12c3a3fa7e0fb
b_icgraph.pdf  used on input line 159.
(pdftex.def)             Requested size: 319.0pt x 118.00122pt.
 <./20252_2_ejemplo040_8c_a3e730ede2352f14a5ef3e89bbcb44065_icgraph.pdf>
<20252_2_ejemplo040_8c_a3e730ede2352f14a5ef3e89bbcb44065_icgraph.pdf, id=23685,
 215.80624pt x 99.37125pt>
File: 20252_2_ejemplo040_8c_a3e730ede2352f14a5ef3e89bbcb44065_icgraph.pdf Graph
ic file (type pdf)
<use 20252_2_ejemplo040_8c_a3e730ede2352f14a5ef3e89bbcb44065_icgraph.pdf>
Package pdftex.def Info: 20252_2_ejemplo040_8c_a3e730ede2352f14a5ef3e89bbcb4406
5_icgraph.pdf  used on input line 199.
(pdftex.def)             Requested size: 215.0pt x 99.00253pt.


[331] <./20252_2_ejemplo040_8c_ab78d1aa21332648c36cb3f086ed91fe2_icgraph.pdf>
<20252_2_ejemplo040_8c_ab78d1aa21332648c36cb3f086ed91fe2_icgraph.pdf, id=23714,
 212.795pt x 99.37125pt>
File: 20252_2_ejemplo040_8c_ab78d1aa21332648c36cb3f086ed91fe2_icgraph.pdf Graph
ic file (type pdf)
<use 20252_2_ejemplo040_8c_ab78d1aa21332648c36cb3f086ed91fe2_icgraph.pdf>
Package pdftex.def Info: 20252_2_ejemplo040_8c_ab78d1aa21332648c36cb3f086ed91fe
2_icgraph.pdf  used on input line 254.
(pdftex.def)             Requested size: 212.0pt x 99.00557pt.


[332] <./20252_2_ejemplo040_8c_a2522895778db9e090b54cfd71f98cbe4_icgraph.pdf>
<20252_2_ejemplo040_8c_a2522895778db9e090b54cfd71f98cbe4_icgraph.pdf, id=23739,
 195.73125pt x 99.37125pt>
File: 20252_2_ejemplo040_8c_a2522895778db9e090b54cfd71f98cbe4_icgraph.pdf Graph
ic file (type pdf)
<use 20252_2_ejemplo040_8c_a2522895778db9e090b54cfd71f98cbe4_icgraph.pdf>
Package pdftex.def Info: 20252_2_ejemplo040_8c_a2522895778db9e090b54cfd71f98cbe
4_icgraph.pdf  used on input line 282.
(pdftex.def)             Requested size: 195.0pt x 99.00557pt.


[333] <./20252_2_ejemplo040_8c_a0ddf1224851353fc92bfbff6f499fa97_cgraph.pdf>
<20252_2_ejemplo040_8c_a0ddf1224851353fc92bfbff6f499fa97_cgraph.pdf, id=23780, 
320.19624pt x 287.0725pt>
File: 20252_2_ejemplo040_8c_a0ddf1224851353fc92bfbff6f499fa97_cgraph.pdf Graphi
c file (type pdf)
<use 20252_2_ejemplo040_8c_a0ddf1224851353fc92bfbff6f499fa97_cgraph.pdf>
Package pdftex.def Info: 20252_2_ejemplo040_8c_a0ddf1224851353fc92bfbff6f499fa9
7_cgraph.pdf  used on input line 354.
(pdftex.def)             Requested size: 319.0pt x 286.00298pt.
 <./20252_2_ejemplo040_8c_a83a3a7c89d12e03ac452f5cd43a2e568_cgraph.pdf>
<20252_2_ejemplo040_8c_a83a3a7c89d12e03ac452f5cd43a2e568_cgraph.pdf, id=23794, 
231.86626pt x 99.37125pt>
File: 20252_2_ejemplo040_8c_a83a3a7c89d12e03ac452f5cd43a2e568_cgraph.pdf Graphi
c file (type pdf)
<use 20252_2_ejemplo040_8c_a83a3a7c89d12e03ac452f5cd43a2e568_cgraph.pdf>
Package pdftex.def Info: 20252_2_ejemplo040_8c_a83a3a7c89d12e03ac452f5cd43a2e56
8_cgraph.pdf  used on input line 395.
(pdftex.def)             Requested size: 231.0pt x 99.00253pt.


[334] <./20252_2_ejemplo040_8c_a0b953a833eaaa3a8a359aefc8beadfb5_cgraph.pdf>
<20252_2_ejemplo040_8c_a0b953a833eaaa3a8a359aefc8beadfb5_cgraph.pdf, id=23815, 
246.9225pt x 99.37125pt>
File: 20252_2_ejemplo040_8c_a0b953a833eaaa3a8a359aefc8beadfb5_cgraph.pdf Graphi
c file (type pdf)
<use 20252_2_ejemplo040_8c_a0b953a833eaaa3a8a359aefc8beadfb5_cgraph.pdf>
Package pdftex.def Info: 20252_2_ejemplo040_8c_a0b953a833eaaa3a8a359aefc8beadfb
5_cgraph.pdf  used on input line 433.
(pdftex.def)             Requested size: 246.0pt x 98.99951pt.
 <./20252_2_ejemplo040_8c_a0b953a833eaaa3a8a359aefc8beadfb5_icgraph.pdf>
<20252_2_ejemplo040_8c_a0b953a833eaaa3a8a359aefc8beadfb5_icgraph.pdf, id=23823,
 222.8325pt x 99.37125pt>
File: 20252_2_ejemplo040_8c_a0b953a833eaaa3a8a359aefc8beadfb5_icgraph.pdf Graph
ic file (type pdf)
<use 20252_2_ejemplo040_8c_a0b953a833eaaa3a8a359aefc8beadfb5_icgraph.pdf>
Package pdftex.def Info: 20252_2_ejemplo040_8c_a0b953a833eaaa3a8a359aefc8beadfb
5_icgraph.pdf  used on input line 440.
(pdftex.def)             Requested size: 222.0pt x 99.00102pt.
) (./20252_2_ejemplo040_8c_source.tex

[335]

[336]

[337]) (./20261_2src_2_ejemplo040_8c.tex <./20261_2src_2_ejemplo040_8c__incl.pd
f>
<20261_2src_2_ejemplo040_8c__incl.pdf, id=24144, 251.94125pt x 155.58125pt>
File: 20261_2src_2_ejemplo040_8c__incl.pdf Graphic file (type pdf)
<use 20261_2src_2_ejemplo040_8c__incl.pdf>
Package pdftex.def Info: 20261_2src_2_ejemplo040_8c__incl.pdf  used on input li
ne 15.
(pdftex.def)             Requested size: 251.0pt x 155.0016pt.


[338]
Underfull \hbox (badness 10000) detected at line 43
[][][]
 []


Underfull \hbox (badness 10000) detected at line 51
[][][]
 []


Underfull \hbox (badness 10000) detected at line 58
[][][]
 []


Underfull \hbox (badness 10000) detected at line 61
[][][]
 []



[339] <./20261_2src_2_ejemplo040_8c_a0ddf1224851353fc92bfbff6f499fa97_cgraph.pd
f>
<20261_2src_2_ejemplo040_8c_a0ddf1224851353fc92bfbff6f499fa97_cgraph.pdf, id=24
268, 275.0275pt x 117.43875pt>
File: 20261_2src_2_ejemplo040_8c_a0ddf1224851353fc92bfbff6f499fa97_cgraph.pdf G
raphic file (type pdf)
<use 20261_2src_2_ejemplo040_8c_a0ddf1224851353fc92bfbff6f499fa97_cgraph.pdf>
Package pdftex.def Info: 20261_2src_2_ejemplo040_8c_a0ddf1224851353fc92bfbff6f4
99fa97_cgraph.pdf  used on input line 156.
(pdftex.def)             Requested size: 274.0pt x 117.01016pt.
) (./20261_2src_2_ejemplo040_8c_source.tex

[340]) (./_template_8c.tex) (./_template_8c_source.tex)

[341]

[342

]
No file refman.ind.
(./refman.aux)
 ***********
LaTeX2e <2024-11-01> patch level 2
L3 programming layer <2025-01-18>
 ***********

LaTeX Warning: There were multiply-defined labels.

Package rerunfilecheck Info: File `refman.out' has not changed.
(rerunfilecheck)             Checksum: CC83C895EEBA1044FE62747F718D87E8;162632.

 ) 
Here is how much of TeX's memory you used:
 35112 strings out of 473190
 862985 string characters out of 5715801
 1033312 words of memory out of 5000000
 48370 multiletter control sequences out of 15000+600000
 664096 words of font info for 253 fonts, out of 8000000 for 9000
 1141 hyphenation exceptions out of 8191
 101i,17n,122p,1503b,882s stack positions out of 10000i,1000n,20000p,200000b,200000s
</usr/local/texlive/2025/texmf-dist/fonts/type1/public/amsfonts/cm/cmex10.pfb
></usr/local/texlive/2025/texmf-dist/fonts/type1/public/amsfonts/cm/cmmi10.pfb>
</usr/local/texlive/2025/texmf-dist/fonts/type1/public/amsfonts/cm/cmmi5.pfb></
usr/local/texlive/2025/texmf-dist/fonts/type1/public/amsfonts/cm/cmmi6.pfb></us
r/local/texlive/2025/texmf-dist/fonts/type1/public/amsfonts/cm/cmmi7.pfb></usr/
local/texlive/2025/texmf-dist/fonts/type1/public/amsfonts/cm/cmmi9.pfb></usr/lo
cal/texlive/2025/texmf-dist/fonts/type1/public/amsfonts/cm/cmr10.pfb></usr/loca
l/texlive/2025/texmf-dist/fonts/type1/public/amsfonts/cm/cmr5.pfb></usr/local/t
exlive/2025/texmf-dist/fonts/type1/public/amsfonts/cm/cmr6.pfb></usr/local/texl
ive/2025/texmf-dist/fonts/type1/public/amsfonts/cm/cmr7.pfb></usr/local/texlive
/2025/texmf-dist/fonts/type1/public/amsfonts/cm/cmr9.pfb></usr/local/texlive/20
25/texmf-dist/fonts/type1/public/amsfonts/cm/cmsy10.pfb></usr/local/texlive/202
5/texmf-dist/fonts/type1/public/amsfonts/cm/cmsy6.pfb></usr/local/texlive/2025/
texmf-dist/fonts/type1/public/amsfonts/cm/cmsy7.pfb></usr/local/texlive/2025/te
xmf-dist/fonts/type1/public/amsfonts/cm/cmsy8.pfb></usr/local/texlive/2025/texm
f-dist/fonts/type1/public/amsfonts/cm/cmsy9.pfb></usr/local/texlive/2025/texmf-
dist/fonts/type1/public/cm-super/sfsi0900.pfb></usr/local/texlive/2025/texmf-di
st/fonts/type1/public/cm-super/sfss1000.pfb></usr/local/texlive/2025/texmf-dist
/fonts/type1/urw/courier/ucrb8a.pfb></usr/local/texlive/2025/texmf-dist/fonts/t
ype1/urw/courier/ucrr8a.pfb></usr/local/texlive/2025/texmf-dist/fonts/type1/urw
/courier/ucrro8a.pfb></usr/local/texlive/2025/texmf-dist/fonts/type1/urw/helvet
ic/uhvb8a.pfb></usr/local/texlive/2025/texmf-dist/fonts/type1/urw/helvetic/uhvb
8ac.pfb></usr/local/texlive/2025/texmf-dist/fonts/type1/urw/helvetic/uhvr8a.pfb
></usr/local/texlive/2025/texmf-dist/fonts/type1/urw/helvetic/uhvro8a.pfb>
Output written on refman.pdf (364 pages, 2824608 bytes).
PDF statistics:
 26378 PDF objects out of 26593 (max. 8388607)
 20843 compressed objects within 209 object streams
 9068 named destinations out of 10688 (max. 500000)
 7599 words of extra memory for PDF output out of 10000 (max. 10000000)

